Profile_ID,month,N
AVIA_GEN,1,6138
AVIA_GEN,1,6790
AVIA_GEN,1,6199
AVIA_GEN,1,7899
AVIA_GEN,1,6156
AVIA_GEN,1,386
AVIA_GEN,1,353
AVIA_GEN,1,337
AVIA_GEN,1,405
AVIA_GEN,1,355
AVIA_GEN,1,110
AVIA_GEN,1,106
AVIA_GEN,1,96
AVIA_GEN,1,48
AVIA_GEN,1,87
AVIA_GEN,1,2817
AVIA_GEN,1,2726
AVIA_GEN,1,2600
AVIA_GEN,1,2801
AVIA_GEN,1,2857
AVIA_GEN,1,3049
AVIA_GEN,1,3064
AVIA_GEN,1,3524
AVIA_GEN,1,2404
AVIA_GEN,1,2726
AVIA_GEN,1,136
AVIA_GEN,1,142
AVIA_GEN,1,145
AVIA_GEN,1,127
AVIA_GEN,1,123
AVIA_GEN,1,13
AVIA_GEN,1,8
AVIA_GEN,1,19
AVIA_GEN,1,4
AVIA_GEN,1,7697
AVIA_GEN,1,7147
AVIA_GEN,1,7224
AVIA_GEN,1,6374
AVIA_GEN,1,6583
AVIA_GEN,1,477
AVIA_GEN,1,532
AVIA_GEN,1,336
AVIA_GEN,1,407
AVIA_GEN,1,453
AVIA_GEN,1,225
AVIA_GEN,1,213
AVIA_GEN,1,250
AVIA_GEN,1,329
AVIA_GEN,1,296
AVIA_GEN,1,4255
AVIA_GEN,1,4283
AVIA_GEN,1,4532
AVIA_GEN,1,3295
AVIA_GEN,1,3694
AVIA_GEN,1,2
AVIA_GEN,2,7740
AVIA_GEN,2,392
AVIA_GEN,2,46
AVIA_GEN,2,2989
AVIA_GEN,2,2444
AVIA_GEN,2,124
AVIA_GEN,2,1
AVIA_GEN,2,6164
AVIA_GEN,2,337
AVIA_GEN,2,307
AVIA_GEN,2,3340
AVIA_GEN,2,27
AVIA_GEN,2,72
AVIA_GEN,2,788
AVIA_GEN,2,160
AVIA_GEN,2,58
AVIA_GEN,2,261
AVIA_GEN,2,87
AVIA_GEN,2,293
AVIA_GEN,2,3599
AVIA_GEN,2,7236
AVIA_GEN,2,850
AVIA_GEN,2,16732
AVIA_GEN,2,5257
AVIA_GEN,2,88
AVIA_GEN,2,1669
AVIA_GEN,2,35062
AVIA_GEN,2,919
AVIA_GEN,2,866
AVIA_GEN,2,114
AVIA_GEN,2,1201
AVIA_GEN,2,508
AVIA_GEN,2,1727
AVIA_GEN,2,798
AVIA_GEN,2,426
AVIA_GEN,2,1943
AVIA_GEN,2,54
AVIA_GEN,2,2119
AVIA_GEN,2,6633
AVIA_GEN,2,5138
AVIA_GEN,2,5
AVIA_GEN,2,10685
AVIA_GEN,2,2597
AVIA_GEN,2,301
AVIA_GEN,2,1521
AVIA_GEN,2,4
AVIA_GEN,2,162
AVIA_GEN,2,1031
AVIA_GEN,2,23
AVIA_GEN,2,2630
AVIA_GEN,2,662
AVIA_GEN,2,10464
AVIA_GEN,2,470
AVIA_GEN,2,703
AVIA_GEN,2,78
AVIA_GEN,2,231
AVIA_GEN,3,8405
AVIA_GEN,3,456
AVIA_GEN,3,52
AVIA_GEN,3,3326
AVIA_GEN,3,2812
AVIA_GEN,3,138
AVIA_GEN,3,8
AVIA_GEN,3,6968
AVIA_GEN,3,487
AVIA_GEN,3,366
AVIA_GEN,3,3768
AVIA_GEN,3,36
AVIA_GEN,3,78
AVIA_GEN,3,911
AVIA_GEN,3,174
AVIA_GEN,3,58
AVIA_GEN,3,306
AVIA_GEN,3,98
AVIA_GEN,3,341
AVIA_GEN,3,4131
AVIA_GEN,3,8413
AVIA_GEN,3,974
AVIA_GEN,3,19656
AVIA_GEN,3,6079
AVIA_GEN,3,100
AVIA_GEN,3,1943
AVIA_GEN,3,39520
AVIA_GEN,3,939
AVIA_GEN,3,884
AVIA_GEN,3,134
AVIA_GEN,3,1425
AVIA_GEN,3,646
AVIA_GEN,3,1926
AVIA_GEN,3,876
AVIA_GEN,3,522
AVIA_GEN,3,2226
AVIA_GEN,3,94
AVIA_GEN,3,2437
AVIA_GEN,3,7301
AVIA_GEN,3,6052
AVIA_GEN,3,12187
AVIA_GEN,3,3059
AVIA_GEN,3,390
AVIA_GEN,3,1641
AVIA_GEN,3,213
AVIA_GEN,3,1075
AVIA_GEN,3,16
AVIA_GEN,3,2934
AVIA_GEN,3,741
AVIA_GEN,3,11789
AVIA_GEN,3,528
AVIA_GEN,3,804
AVIA_GEN,3,80
AVIA_GEN,3,189
AVIA_GEN,4,8223
AVIA_GEN,4,479
AVIA_GEN,4,54
AVIA_GEN,4,3376
AVIA_GEN,4,2875
AVIA_GEN,4,142
AVIA_GEN,4,4
AVIA_GEN,4,6939
AVIA_GEN,4,566
AVIA_GEN,4,586
AVIA_GEN,4,4431
AVIA_GEN,4,26
AVIA_GEN,4,82
AVIA_GEN,4,887
AVIA_GEN,4,148
AVIA_GEN,4,48
AVIA_GEN,4,349
AVIA_GEN,4,93
AVIA_GEN,4,332
AVIA_GEN,4,4688
AVIA_GEN,4,9131
AVIA_GEN,4,1063
AVIA_GEN,4,21390
AVIA_GEN,4,6349
AVIA_GEN,4,100
AVIA_GEN,4,1946
AVIA_GEN,4,39708
AVIA_GEN,4,912
AVIA_GEN,4,901
AVIA_GEN,4,128
AVIA_GEN,4,1602
AVIA_GEN,4,945
AVIA_GEN,4,2007
AVIA_GEN,4,901
AVIA_GEN,4,693
AVIA_GEN,4,2549
AVIA_GEN,4,108
AVIA_GEN,4,2777
AVIA_GEN,4,6484
AVIA_GEN,4,7048
AVIA_GEN,4,6
AVIA_GEN,4,12657
AVIA_GEN,4,3280
AVIA_GEN,4,513
AVIA_GEN,4,1931
AVIA_GEN,4,431
AVIA_GEN,4,1137
AVIA_GEN,4,19
AVIA_GEN,4,2866
AVIA_GEN,4,722
AVIA_GEN,4,13115
AVIA_GEN,4,538
AVIA_GEN,4,852
AVIA_GEN,4,78
AVIA_GEN,4,185
AVIA_GEN,5,8085
AVIA_GEN,5,522
AVIA_GEN,5,80
AVIA_GEN,5,3492
AVIA_GEN,5,3199
AVIA_GEN,5,147
AVIA_GEN,5,7884
AVIA_GEN,5,589
AVIA_GEN,5,814
AVIA_GEN,5,5172
AVIA_GEN,5,40
AVIA_GEN,5,82
AVIA_GEN,5,1170
AVIA_GEN,5,150
AVIA_GEN,5,53
AVIA_GEN,5,518
AVIA_GEN,5,93
AVIA_GEN,5,342
AVIA_GEN,5,5160
AVIA_GEN,5,9695
AVIA_GEN,5,1204
AVIA_GEN,5,23916
AVIA_GEN,5,7078
AVIA_GEN,5,107
AVIA_GEN,5,2023
AVIA_GEN,5,41342
AVIA_GEN,5,1047
AVIA_GEN,5,933
AVIA_GEN,5,136
AVIA_GEN,5,1728
AVIA_GEN,5,1135
AVIA_GEN,5,2256
AVIA_GEN,5,966
AVIA_GEN,5,841
AVIA_GEN,5,3008
AVIA_GEN,5,128
AVIA_GEN,5,2943
AVIA_GEN,5,6351
AVIA_GEN,5,8122
AVIA_GEN,5,17
AVIA_GEN,5,14759
AVIA_GEN,5,3948
AVIA_GEN,5,606
AVIA_GEN,5,2090
AVIA_GEN,5,1
AVIA_GEN,5,459
AVIA_GEN,5,1065
AVIA_GEN,5,14
AVIA_GEN,5,2964
AVIA_GEN,5,826
AVIA_GEN,5,13797
AVIA_GEN,5,526
AVIA_GEN,5,851
AVIA_GEN,5,82
AVIA_GEN,5,193
AVIA_GEN,6,8479
AVIA_GEN,6,517
AVIA_GEN,6,90
AVIA_GEN,6,3599
AVIA_GEN,6,3394
AVIA_GEN,6,158
AVIA_GEN,6,5
AVIA_GEN,6,8255
AVIA_GEN,6,639
AVIA_GEN,6,1018
AVIA_GEN,6,5427
AVIA_GEN,6,52
AVIA_GEN,6,90
AVIA_GEN,6,1475
AVIA_GEN,6,158
AVIA_GEN,6,66
AVIA_GEN,6,631
AVIA_GEN,6,104
AVIA_GEN,6,339
AVIA_GEN,6,5526
AVIA_GEN,6,10033
AVIA_GEN,6,1279
AVIA_GEN,6,24527
AVIA_GEN,6,7660
AVIA_GEN,6,117
AVIA_GEN,6,2073
AVIA_GEN,6,40623
AVIA_GEN,6,961
AVIA_GEN,6,925
AVIA_GEN,6,154
AVIA_GEN,6,1895
AVIA_GEN,6,1130
AVIA_GEN,6,2457
AVIA_GEN,6,936
AVIA_GEN,6,825
AVIA_GEN,6,3239
AVIA_GEN,6,143
AVIA_GEN,6,2850
AVIA_GEN,6,6749
AVIA_GEN,6,8384
AVIA_GEN,6,35
AVIA_GEN,6,15737
AVIA_GEN,6,4306
AVIA_GEN,6,671
AVIA_GEN,6,2039
AVIA_GEN,6,1
AVIA_GEN,6,480
AVIA_GEN,6,1130
AVIA_GEN,6,48
AVIA_GEN,6,3084
AVIA_GEN,6,822
AVIA_GEN,6,13647
AVIA_GEN,6,554
AVIA_GEN,6,878
AVIA_GEN,6,92
AVIA_GEN,6,189
AVIA_GEN,7,8550
AVIA_GEN,7,592
AVIA_GEN,7,116
AVIA_GEN,7,3682
AVIA_GEN,7,3508
AVIA_GEN,7,158
AVIA_GEN,7,8624
AVIA_GEN,7,527
AVIA_GEN,7,1060
AVIA_GEN,7,5634
AVIA_GEN,7,21
AVIA_GEN,7,96
AVIA_GEN,7,1343
AVIA_GEN,7,179
AVIA_GEN,7,68
AVIA_GEN,7,622
AVIA_GEN,7,116
AVIA_GEN,7,335
AVIA_GEN,7,5813
AVIA_GEN,7,10440
AVIA_GEN,7,1353
AVIA_GEN,7,26501
AVIA_GEN,7,7947
AVIA_GEN,7,114
AVIA_GEN,7,2164
AVIA_GEN,7,41735
AVIA_GEN,7,1013
AVIA_GEN,7,947
AVIA_GEN,7,142
AVIA_GEN,7,1739
AVIA_GEN,7,1370
AVIA_GEN,7,2599
AVIA_GEN,7,975
AVIA_GEN,7,997
AVIA_GEN,7,3398
AVIA_GEN,7,127
AVIA_GEN,7,2971
AVIA_GEN,7,6811
AVIA_GEN,7,8888
AVIA_GEN,7,27
AVIA_GEN,7,16588
AVIA_GEN,7,4439
AVIA_GEN,7,741
AVIA_GEN,7,2085
AVIA_GEN,7,545
AVIA_GEN,7,1095
AVIA_GEN,7,46
AVIA_GEN,7,3293
AVIA_GEN,7,881
AVIA_GEN,7,14206
AVIA_GEN,7,548
AVIA_GEN,7,1039
AVIA_GEN,7,134
AVIA_GEN,7,165
AVIA_GEN,8,8261
AVIA_GEN,8,703
AVIA_GEN,8,106
AVIA_GEN,8,3625
AVIA_GEN,8,3384
AVIA_GEN,8,156
AVIA_GEN,8,2
AVIA_GEN,8,8701
AVIA_GEN,8,627
AVIA_GEN,8,1079
AVIA_GEN,8,5646
AVIA_GEN,8,34
AVIA_GEN,8,94
AVIA_GEN,8,1355
AVIA_GEN,8,150
AVIA_GEN,8,60
AVIA_GEN,8,623
AVIA_GEN,8,106
AVIA_GEN,8,320
AVIA_GEN,8,5538
AVIA_GEN,8,10100
AVIA_GEN,8,1338
AVIA_GEN,8,27089
AVIA_GEN,8,7576
AVIA_GEN,8,111
AVIA_GEN,8,2210
AVIA_GEN,8,41779
AVIA_GEN,8,972
AVIA_GEN,8,934
AVIA_GEN,8,150
AVIA_GEN,8,1685
AVIA_GEN,8,1368
AVIA_GEN,8,2585
AVIA_GEN,8,954
AVIA_GEN,8,1002
AVIA_GEN,8,3409
AVIA_GEN,8,120
AVIA_GEN,8,3167
AVIA_GEN,8,5952
AVIA_GEN,8,8906
AVIA_GEN,8,29
AVIA_GEN,8,16880
AVIA_GEN,8,4362
AVIA_GEN,8,747
AVIA_GEN,8,2084
AVIA_GEN,8,483
AVIA_GEN,8,908
AVIA_GEN,8,29
AVIA_GEN,8,3300
AVIA_GEN,8,864
AVIA_GEN,8,14075
AVIA_GEN,8,538
AVIA_GEN,8,1112
AVIA_GEN,8,127
AVIA_GEN,8,151
AVIA_GEN,9,8223
AVIA_GEN,9,530
AVIA_GEN,9,106
AVIA_GEN,9,3547
AVIA_GEN,9,3335
AVIA_GEN,9,148
AVIA_GEN,9,8424
AVIA_GEN,9,640
AVIA_GEN,9,977
AVIA_GEN,9,5463
AVIA_GEN,9,50
AVIA_GEN,9,96
AVIA_GEN,9,1591
AVIA_GEN,9,152
AVIA_GEN,9,67
AVIA_GEN,9,588
AVIA_GEN,9,106
AVIA_GEN,9,327
AVIA_GEN,9,5525
AVIA_GEN,9,9774
AVIA_GEN,9,1279
AVIA_GEN,9,25370
AVIA_GEN,9,7630
AVIA_GEN,9,112
AVIA_GEN,9,2125
AVIA_GEN,9,40480
AVIA_GEN,9,942
AVIA_GEN,9,895
AVIA_GEN,9,160
AVIA_GEN,9,1712
AVIA_GEN,9,1309
AVIA_GEN,9,2391
AVIA_GEN,9,945
AVIA_GEN,9,966
AVIA_GEN,9,3214
AVIA_GEN,9,108
AVIA_GEN,9,3001
AVIA_GEN,9,6907
AVIA_GEN,9,8453
AVIA_GEN,9,17
AVIA_GEN,9,16034
AVIA_GEN,9,4206
AVIA_GEN,9,673
AVIA_GEN,9,2261
AVIA_GEN,9,469
AVIA_GEN,9,950
AVIA_GEN,9,41
AVIA_GEN,9,3049
AVIA_GEN,9,813
AVIA_GEN,9,13773
AVIA_GEN,9,547
AVIA_GEN,9,1110
AVIA_GEN,9,134
AVIA_GEN,9,181
AVIA_GEN,10,7806
AVIA_GEN,10,460
AVIA_GEN,10,82
AVIA_GEN,10,3567
AVIA_GEN,10,3138
AVIA_GEN,10,139
AVIA_GEN,10,7972
AVIA_GEN,10,563
AVIA_GEN,10,937
AVIA_GEN,10,5148
AVIA_GEN,10,34
AVIA_GEN,10,84
AVIA_GEN,10,1668
AVIA_GEN,10,160
AVIA_GEN,10,65
AVIA_GEN,10,548
AVIA_GEN,10,98
AVIA_GEN,10,324
AVIA_GEN,10,5247
AVIA_GEN,10,9345
AVIA_GEN,10,1115
AVIA_GEN,10,23423
AVIA_GEN,10,7380
AVIA_GEN,10,108
AVIA_GEN,10,2043
AVIA_GEN,10,40488
AVIA_GEN,10,831
AVIA_GEN,10,897
AVIA_GEN,10,142
AVIA_GEN,10,1742
AVIA_GEN,10,879
AVIA_GEN,10,2179
AVIA_GEN,10,935
AVIA_GEN,10,737
AVIA_GEN,10,2875
AVIA_GEN,10,122
AVIA_GEN,10,3055
AVIA_GEN,10,7078
AVIA_GEN,10,8177
AVIA_GEN,10,7
AVIA_GEN,10,14876
AVIA_GEN,10,3758
AVIA_GEN,10,474
AVIA_GEN,10,2156
AVIA_GEN,10,443
AVIA_GEN,10,739
AVIA_GEN,10,13
AVIA_GEN,10,2875
AVIA_GEN,10,771
AVIA_GEN,10,13780
AVIA_GEN,10,551
AVIA_GEN,10,1133
AVIA_GEN,10,126
AVIA_GEN,10,156
AVIA_GEN,11,7040
AVIA_GEN,11,366
AVIA_GEN,11,76
AVIA_GEN,11,3328
AVIA_GEN,11,2873
AVIA_GEN,11,126
AVIA_GEN,11,6855
AVIA_GEN,11,538
AVIA_GEN,11,606
AVIA_GEN,11,3703
AVIA_GEN,11,24
AVIA_GEN,11,67
AVIA_GEN,11,1073
AVIA_GEN,11,169
AVIA_GEN,11,56
AVIA_GEN,11,409
AVIA_GEN,11,91
AVIA_GEN,11,328
AVIA_GEN,11,3831
AVIA_GEN,11,8047
AVIA_GEN,11,793
AVIA_GEN,11,17744
AVIA_GEN,11,6280
AVIA_GEN,11,86
AVIA_GEN,11,1871
AVIA_GEN,11,36969
AVIA_GEN,11,745
AVIA_GEN,11,788
AVIA_GEN,11,114
AVIA_GEN,11,1611
AVIA_GEN,11,376
AVIA_GEN,11,1781
AVIA_GEN,11,843
AVIA_GEN,11,326
AVIA_GEN,11,1756
AVIA_GEN,11,62
AVIA_GEN,11,2759
AVIA_GEN,11,6477
AVIA_GEN,11,6429
AVIA_GEN,11,6
AVIA_GEN,11,11790
AVIA_GEN,11,2827
AVIA_GEN,11,275
AVIA_GEN,11,1723
AVIA_GEN,11,201
AVIA_GEN,11,675
AVIA_GEN,11,30
AVIA_GEN,11,2442
AVIA_GEN,11,519
AVIA_GEN,11,12027
AVIA_GEN,11,508
AVIA_GEN,11,925
AVIA_GEN,11,125
AVIA_GEN,11,167
AVIA_GEN,12,7017
AVIA_GEN,12,380
AVIA_GEN,12,91
AVIA_GEN,12,3241
AVIA_GEN,12,2914
AVIA_GEN,12,129
AVIA_GEN,12,6679
AVIA_GEN,12,634
AVIA_GEN,12,475
AVIA_GEN,12,3714
AVIA_GEN,12,27
AVIA_GEN,12,70
AVIA_GEN,12,958
AVIA_GEN,12,148
AVIA_GEN,12,21
AVIA_GEN,12,418
AVIA_GEN,12,91
AVIA_GEN,12,323
AVIA_GEN,12,3711
AVIA_GEN,12,7729
AVIA_GEN,12,784
AVIA_GEN,12,18966
AVIA_GEN,12,5905
AVIA_GEN,12,92
AVIA_GEN,12,1832
AVIA_GEN,12,37215
AVIA_GEN,12,792
AVIA_GEN,12,743
AVIA_GEN,12,122
AVIA_GEN,12,1574
AVIA_GEN,12,472
AVIA_GEN,12,1780
AVIA_GEN,12,808
AVIA_GEN,12,419
AVIA_GEN,12,1705
AVIA_GEN,12,53
AVIA_GEN,12,2779
AVIA_GEN,12,6115
AVIA_GEN,12,6618
AVIA_GEN,12,10
AVIA_GEN,12,11716
AVIA_GEN,12,2639
AVIA_GEN,12,280
AVIA_GEN,12,1749
AVIA_GEN,12,195
AVIA_GEN,12,540
AVIA_GEN,12,33
AVIA_GEN,12,2395
AVIA_GEN,12,619
AVIA_GEN,12,12269
AVIA_GEN,12,510
AVIA_GEN,12,980
AVIA_GEN,12,118
AVIA_GEN,12,159
AVIA_GEN,1,24
AVIA_GEN,1,86
AVIA_GEN,1,84
AVIA_GEN,1,84
AVIA_GEN,1,66
AVIA_GEN,1,68
AVIA_GEN,1,1159
AVIA_GEN,1,1082
AVIA_GEN,1,958
AVIA_GEN,1,825
AVIA_GEN,1,975
AVIA_GEN,1,140
AVIA_GEN,1,198
AVIA_GEN,1,228
AVIA_GEN,1,179
AVIA_GEN,1,152
AVIA_GEN,1,56
AVIA_GEN,1,59
AVIA_GEN,1,693
AVIA_GEN,1,502
AVIA_GEN,1,514
AVIA_GEN,1,308
AVIA_GEN,1,437
AVIA_GEN,1,96
AVIA_GEN,1,96
AVIA_GEN,1,96
AVIA_GEN,1,91
AVIA_GEN,1,92
AVIA_GEN,1,296
AVIA_GEN,1,508
AVIA_GEN,1,318
AVIA_GEN,1,318
AVIA_GEN,1,301
AVIA_GEN,1,3670
AVIA_GEN,1,3663
AVIA_GEN,1,3746
AVIA_GEN,1,3609
AVIA_GEN,1,3451
AVIA_GEN,1,8082
AVIA_GEN,1,8435
AVIA_GEN,1,8701
AVIA_GEN,1,7290
AVIA_GEN,1,7362
AVIA_GEN,1,851
AVIA_GEN,1,844
AVIA_GEN,1,935
AVIA_GEN,1,935
AVIA_GEN,1,778
AVIA_GEN,1,19288
AVIA_GEN,1,18911
AVIA_GEN,1,19519
AVIA_GEN,1,17257
AVIA_GEN,1,18149
AVIA_GEN,1,6086
AVIA_GEN,1,6219
AVIA_GEN,2,6110
AVIA_GEN,2,347
AVIA_GEN,2,92
AVIA_GEN,2,3027
AVIA_GEN,2,2786
AVIA_GEN,2,126
AVIA_GEN,2,6777
AVIA_GEN,2,560
AVIA_GEN,2,255
AVIA_GEN,2,3817
AVIA_GEN,2,32
AVIA_GEN,2,72
AVIA_GEN,2,1066
AVIA_GEN,2,158
AVIA_GEN,2,58
AVIA_GEN,2,418
AVIA_GEN,2,90
AVIA_GEN,2,315
AVIA_GEN,2,3517
AVIA_GEN,2,7816
AVIA_GEN,2,768
AVIA_GEN,2,18268
AVIA_GEN,2,5819
AVIA_GEN,2,78
AVIA_GEN,2,1806
AVIA_GEN,2,36183
AVIA_GEN,2,701
AVIA_GEN,2,751
AVIA_GEN,2,110
AVIA_GEN,2,1590
AVIA_GEN,2,514
AVIA_GEN,2,1786
AVIA_GEN,2,854
AVIA_GEN,2,453
AVIA_GEN,2,1816
AVIA_GEN,2,56
AVIA_GEN,2,2779
AVIA_GEN,2,6689
AVIA_GEN,2,6533
AVIA_GEN,2,6
AVIA_GEN,2,11705
AVIA_GEN,2,2664
AVIA_GEN,2,307
AVIA_GEN,2,1570
AVIA_GEN,2,1
AVIA_GEN,2,173
AVIA_GEN,2,628
AVIA_GEN,2,38
AVIA_GEN,2,2465
AVIA_GEN,2,584
AVIA_GEN,2,11871
AVIA_GEN,2,467
AVIA_GEN,2,749
AVIA_GEN,2,130
AVIA_GEN,2,166
AVIA_GEN,3,6821
AVIA_GEN,3,408
AVIA_GEN,3,108
AVIA_GEN,3,3253
AVIA_GEN,3,3076
AVIA_GEN,3,153
AVIA_GEN,3,7438
AVIA_GEN,3,596
AVIA_GEN,3,268
AVIA_GEN,3,4317
AVIA_GEN,3,86
AVIA_GEN,3,1083
AVIA_GEN,3,164
AVIA_GEN,3,56
AVIA_GEN,3,585
AVIA_GEN,3,99
AVIA_GEN,3,351
AVIA_GEN,3,4184
AVIA_GEN,3,9114
AVIA_GEN,3,925
AVIA_GEN,3,20489
AVIA_GEN,3,6669
AVIA_GEN,3,90
AVIA_GEN,3,1993
AVIA_GEN,3,39181
AVIA_GEN,3,719
AVIA_GEN,3,826
AVIA_GEN,3,132
AVIA_GEN,3,1666
AVIA_GEN,3,738
AVIA_GEN,3,2016
AVIA_GEN,3,942
AVIA_GEN,3,579
AVIA_GEN,3,2164
AVIA_GEN,3,124
AVIA_GEN,3,3048
AVIA_GEN,3,6924
AVIA_GEN,3,7620
AVIA_GEN,3,8
AVIA_GEN,3,13121
AVIA_GEN,3,2918
AVIA_GEN,3,425
AVIA_GEN,3,1872
AVIA_GEN,3,7
AVIA_GEN,3,304
AVIA_GEN,3,661
AVIA_GEN,3,47
AVIA_GEN,3,2878
AVIA_GEN,3,651
AVIA_GEN,3,13166
AVIA_GEN,3,548
AVIA_GEN,3,880
AVIA_GEN,3,150
AVIA_GEN,3,179
AVIA_GEN,4,5823
AVIA_GEN,4,457
AVIA_GEN,4,110
AVIA_GEN,4,3592
AVIA_GEN,4,2981
AVIA_GEN,4,148
AVIA_GEN,4,5
AVIA_GEN,4,8248
AVIA_GEN,4,523
AVIA_GEN,4,360
AVIA_GEN,4,4955
AVIA_GEN,4,72
AVIA_GEN,4,1166
AVIA_GEN,4,148
AVIA_GEN,4,104
AVIA_GEN,4,862
AVIA_GEN,4,91
AVIA_GEN,4,283
AVIA_GEN,4,4672
AVIA_GEN,4,9709
AVIA_GEN,4,1147
AVIA_GEN,4,21921
AVIA_GEN,4,6965
AVIA_GEN,4,92
AVIA_GEN,4,1997
AVIA_GEN,4,39507
AVIA_GEN,4,718
AVIA_GEN,4,897
AVIA_GEN,4,134
AVIA_GEN,4,1574
AVIA_GEN,4,1144
AVIA_GEN,4,2189
AVIA_GEN,4,918
AVIA_GEN,4,875
AVIA_GEN,4,2544
AVIA_GEN,4,125
AVIA_GEN,4,3258
AVIA_GEN,4,6655
AVIA_GEN,4,8465
AVIA_GEN,4,14222
AVIA_GEN,4,3151
AVIA_GEN,4,646
AVIA_GEN,4,1921
AVIA_GEN,4,3
AVIA_GEN,4,457
AVIA_GEN,4,570
AVIA_GEN,4,0
AVIA_GEN,4,2835
AVIA_GEN,4,704
AVIA_GEN,4,13499
AVIA_GEN,4,517
AVIA_GEN,4,851
AVIA_GEN,4,142
AVIA_GEN,4,138
AVIA_GEN,5,5994
AVIA_GEN,5,491
AVIA_GEN,5,114
AVIA_GEN,5,3731
AVIA_GEN,5,3273
AVIA_GEN,5,155
AVIA_GEN,5,14
AVIA_GEN,5,9432
AVIA_GEN,5,560
AVIA_GEN,5,446
AVIA_GEN,5,5566
AVIA_GEN,5,98
AVIA_GEN,5,1494
AVIA_GEN,5,154
AVIA_GEN,5,74
AVIA_GEN,5,1021
AVIA_GEN,5,114
AVIA_GEN,5,309
AVIA_GEN,5,5304
AVIA_GEN,5,10550
AVIA_GEN,5,1308
AVIA_GEN,5,25097
AVIA_GEN,5,6761
AVIA_GEN,5,98
AVIA_GEN,5,1977
AVIA_GEN,5,41409
AVIA_GEN,5,823
AVIA_GEN,5,1002
AVIA_GEN,5,149
AVIA_GEN,5,1635
AVIA_GEN,5,1195
AVIA_GEN,5,2267
AVIA_GEN,5,990
AVIA_GEN,5,868
AVIA_GEN,5,2982
AVIA_GEN,5,123
AVIA_GEN,5,3598
AVIA_GEN,5,6934
AVIA_GEN,5,9610
AVIA_GEN,5,16575
AVIA_GEN,5,3941
AVIA_GEN,5,771
AVIA_GEN,5,2202
AVIA_GEN,5,481
AVIA_GEN,5,592
AVIA_GEN,5,0
AVIA_GEN,5,2808
AVIA_GEN,5,763
AVIA_GEN,5,14443
AVIA_GEN,5,549
AVIA_GEN,5,1113
AVIA_GEN,5,148
AVIA_GEN,5,151
AVIA_GEN,6,6077
AVIA_GEN,6,487
AVIA_GEN,6,115
AVIA_GEN,6,3882
AVIA_GEN,6,3418
AVIA_GEN,6,164
AVIA_GEN,6,12
AVIA_GEN,6,9764
AVIA_GEN,6,620
AVIA_GEN,6,474
AVIA_GEN,6,5907
AVIA_GEN,6,96
AVIA_GEN,6,1578
AVIA_GEN,6,160
AVIA_GEN,6,86
AVIA_GEN,6,1089
AVIA_GEN,6,157
AVIA_GEN,6,315
AVIA_GEN,6,5680
AVIA_GEN,6,10753
AVIA_GEN,6,1380
AVIA_GEN,6,25950
AVIA_GEN,6,7183
AVIA_GEN,6,112
AVIA_GEN,6,2029
AVIA_GEN,6,39947
AVIA_GEN,6,897
AVIA_GEN,6,1040
AVIA_GEN,6,142
AVIA_GEN,6,1787
AVIA_GEN,6,1457
AVIA_GEN,6,2424
AVIA_GEN,6,969
AVIA_GEN,6,1059
AVIA_GEN,6,3224
AVIA_GEN,6,144
AVIA_GEN,6,3493
AVIA_GEN,6,7111
AVIA_GEN,6,9676
AVIA_GEN,6,17442
AVIA_GEN,6,4364
AVIA_GEN,6,823
AVIA_GEN,6,2152
AVIA_GEN,6,2
AVIA_GEN,6,531
AVIA_GEN,6,648
AVIA_GEN,6,0
AVIA_GEN,6,3231
AVIA_GEN,6,764
AVIA_GEN,6,14398
AVIA_GEN,6,546
AVIA_GEN,6,1135
AVIA_GEN,6,148
AVIA_GEN,6,148
AVIA_GEN,7,6759
AVIA_GEN,7,603
AVIA_GEN,7,122
AVIA_GEN,7,3889
AVIA_GEN,7,3486
AVIA_GEN,7,158
AVIA_GEN,7,7
AVIA_GEN,7,10231
AVIA_GEN,7,592
AVIA_GEN,7,462
AVIA_GEN,7,6159
AVIA_GEN,7,93
AVIA_GEN,7,1586
AVIA_GEN,7,168
AVIA_GEN,7,85
AVIA_GEN,7,1140
AVIA_GEN,7,149
AVIA_GEN,7,306
AVIA_GEN,7,5663
AVIA_GEN,7,11364
AVIA_GEN,7,1405
AVIA_GEN,7,27780
AVIA_GEN,7,8399
AVIA_GEN,7,104
AVIA_GEN,7,2126
AVIA_GEN,7,41643
AVIA_GEN,7,850
AVIA_GEN,7,1048
AVIA_GEN,7,140
AVIA_GEN,7,1555
AVIA_GEN,7,1387
AVIA_GEN,7,2609
AVIA_GEN,7,975
AVIA_GEN,7,979
AVIA_GEN,7,3455
AVIA_GEN,7,100
AVIA_GEN,7,3666
AVIA_GEN,7,6842
AVIA_GEN,7,10184
AVIA_GEN,7,18636
AVIA_GEN,7,4519
AVIA_GEN,7,854
AVIA_GEN,7,2195
AVIA_GEN,7,616
AVIA_GEN,7,552
AVIA_GEN,7,0
AVIA_GEN,7,3740
AVIA_GEN,7,795
AVIA_GEN,7,14916
AVIA_GEN,7,517
AVIA_GEN,7,1143
AVIA_GEN,7,152
AVIA_GEN,7,142
AVIA_GEN,8,7342
AVIA_GEN,8,703
AVIA_GEN,8,115
AVIA_GEN,8,3938
AVIA_GEN,8,3445
AVIA_GEN,8,163
AVIA_GEN,8,6
AVIA_GEN,8,10304
AVIA_GEN,8,645
AVIA_GEN,8,482
AVIA_GEN,8,6264
AVIA_GEN,8,100
AVIA_GEN,8,1594
AVIA_GEN,8,168
AVIA_GEN,8,79
AVIA_GEN,8,1108
AVIA_GEN,8,154
AVIA_GEN,8,306
AVIA_GEN,8,5783
AVIA_GEN,8,11233
AVIA_GEN,8,1453
AVIA_GEN,8,28196
AVIA_GEN,8,8264
AVIA_GEN,8,106
AVIA_GEN,8,2202
AVIA_GEN,8,42006
AVIA_GEN,8,808
AVIA_GEN,8,1057
AVIA_GEN,8,150
AVIA_GEN,8,1598
AVIA_GEN,8,1535
AVIA_GEN,8,2616
AVIA_GEN,8,992
AVIA_GEN,8,1124
AVIA_GEN,8,3523
AVIA_GEN,8,107
AVIA_GEN,8,3705
AVIA_GEN,8,6964
AVIA_GEN,8,10117
AVIA_GEN,8,28
AVIA_GEN,8,19027
AVIA_GEN,8,4540
AVIA_GEN,8,818
AVIA_GEN,8,2148
AVIA_GEN,8,510
AVIA_GEN,8,603
AVIA_GEN,8,0
AVIA_GEN,8,3980
AVIA_GEN,8,786
AVIA_GEN,8,15544
AVIA_GEN,8,552
AVIA_GEN,8,1202
AVIA_GEN,8,156
AVIA_GEN,8,148
AVIA_GEN,9,7008
AVIA_GEN,9,513
AVIA_GEN,9,112
AVIA_GEN,9,3583
AVIA_GEN,9,3469
AVIA_GEN,9,144
AVIA_GEN,9,8
AVIA_GEN,9,10067
AVIA_GEN,9,592
AVIA_GEN,9,421
AVIA_GEN,9,5968
AVIA_GEN,9,96
AVIA_GEN,9,1629
AVIA_GEN,9,164
AVIA_GEN,9,36
AVIA_GEN,9,1057
AVIA_GEN,9,157
AVIA_GEN,9,321
AVIA_GEN,9,5569
AVIA_GEN,9,10748
AVIA_GEN,9,1323
AVIA_GEN,9,26880
AVIA_GEN,9,8056
AVIA_GEN,9,102
AVIA_GEN,9,2078
AVIA_GEN,9,40610
AVIA_GEN,9,1007
AVIA_GEN,9,1021
AVIA_GEN,9,140
AVIA_GEN,9,1549
AVIA_GEN,9,1192
AVIA_GEN,9,2414
AVIA_GEN,9,957
AVIA_GEN,9,868
AVIA_GEN,9,3241
AVIA_GEN,9,101
AVIA_GEN,9,3404
AVIA_GEN,9,7004
AVIA_GEN,9,9790
AVIA_GEN,9,15
AVIA_GEN,9,17964
AVIA_GEN,9,4228
AVIA_GEN,9,738
AVIA_GEN,9,2170
AVIA_GEN,9,490
AVIA_GEN,9,612
AVIA_GEN,9,0
AVIA_GEN,9,3630
AVIA_GEN,9,764
AVIA_GEN,9,14504
AVIA_GEN,9,540
AVIA_GEN,9,1139
AVIA_GEN,9,142
AVIA_GEN,9,127
AVIA_GEN,10,7045
AVIA_GEN,10,442
AVIA_GEN,10,116
AVIA_GEN,10,3451
AVIA_GEN,10,3181
AVIA_GEN,10,140
AVIA_GEN,10,5
AVIA_GEN,10,9741
AVIA_GEN,10,598
AVIA_GEN,10,423
AVIA_GEN,10,5751
AVIA_GEN,10,84
AVIA_GEN,10,1552
AVIA_GEN,10,152
AVIA_GEN,10,920
AVIA_GEN,10,149
AVIA_GEN,10,303
AVIA_GEN,10,5155
AVIA_GEN,10,10397
AVIA_GEN,10,1176
AVIA_GEN,10,25187
AVIA_GEN,10,7779
AVIA_GEN,10,100
AVIA_GEN,10,1999
AVIA_GEN,10,41134
AVIA_GEN,10,941
AVIA_GEN,10,1023
AVIA_GEN,10,138
AVIA_GEN,10,1587
AVIA_GEN,10,946
AVIA_GEN,10,2219
AVIA_GEN,10,944
AVIA_GEN,10,728
AVIA_GEN,10,2919
AVIA_GEN,10,110
AVIA_GEN,10,3295
AVIA_GEN,10,6767
AVIA_GEN,10,9689
AVIA_GEN,10,11
AVIA_GEN,10,16820
AVIA_GEN,10,3786
AVIA_GEN,10,617
AVIA_GEN,10,1994
AVIA_GEN,10,8
AVIA_GEN,10,474
AVIA_GEN,10,630
AVIA_GEN,10,0
AVIA_GEN,10,3441
AVIA_GEN,10,769
AVIA_GEN,10,14555
AVIA_GEN,10,532
AVIA_GEN,10,1066
AVIA_GEN,10,148
AVIA_GEN,10,150
AVIA_GEN,11,6342
AVIA_GEN,11,375
AVIA_GEN,11,106
AVIA_GEN,11,3178
AVIA_GEN,11,3065
AVIA_GEN,11,136
AVIA_GEN,11,2
AVIA_GEN,11,7612
AVIA_GEN,11,513
AVIA_GEN,11,185
AVIA_GEN,11,4237
AVIA_GEN,11,88
AVIA_GEN,11,1151
AVIA_GEN,11,132
AVIA_GEN,11,749
AVIA_GEN,11,115
AVIA_GEN,11,295
AVIA_GEN,11,3255
AVIA_GEN,11,8675
AVIA_GEN,11,875
AVIA_GEN,11,18495
AVIA_GEN,11,6545
AVIA_GEN,11,84
AVIA_GEN,11,1858
AVIA_GEN,11,37712
AVIA_GEN,11,513
AVIA_GEN,11,885
AVIA_GEN,11,140
AVIA_GEN,11,1506
AVIA_GEN,11,528
AVIA_GEN,11,1763
AVIA_GEN,11,865
AVIA_GEN,11,459
AVIA_GEN,11,2071
AVIA_GEN,11,69
AVIA_GEN,11,2530
AVIA_GEN,11,6993
AVIA_GEN,11,7014
AVIA_GEN,11,8
AVIA_GEN,11,13701
AVIA_GEN,11,2906
AVIA_GEN,11,373
AVIA_GEN,11,2113
AVIA_GEN,11,239
AVIA_GEN,11,676
AVIA_GEN,11,0
AVIA_GEN,11,3151
AVIA_GEN,11,503
AVIA_GEN,11,11946
AVIA_GEN,11,544
AVIA_GEN,11,942
AVIA_GEN,11,146
AVIA_GEN,11,148
AVIA_GEN,12,6203
AVIA_GEN,12,403
AVIA_GEN,12,116
AVIA_GEN,12,2989
AVIA_GEN,12,3198
AVIA_GEN,12,145
AVIA_GEN,12,2
AVIA_GEN,12,8049
AVIA_GEN,12,466
AVIA_GEN,12,230
AVIA_GEN,12,4431
AVIA_GEN,12,84
AVIA_GEN,12,1074
AVIA_GEN,12,136
AVIA_GEN,12,757
AVIA_GEN,12,98
AVIA_GEN,12,279
AVIA_GEN,12,3168
AVIA_GEN,12,8560
AVIA_GEN,12,904
AVIA_GEN,12,20681
AVIA_GEN,12,6110
AVIA_GEN,12,69
AVIA_GEN,12,1762
AVIA_GEN,12,36893
AVIA_GEN,12,458
AVIA_GEN,12,901
AVIA_GEN,12,132
AVIA_GEN,12,1457
AVIA_GEN,12,487
AVIA_GEN,12,1630
AVIA_GEN,12,840
AVIA_GEN,12,427
AVIA_GEN,12,2018
AVIA_GEN,12,53
AVIA_GEN,12,2754
AVIA_GEN,12,5589
AVIA_GEN,12,7798
AVIA_GEN,12,8
AVIA_GEN,12,13888
AVIA_GEN,12,2841
AVIA_GEN,12,370
AVIA_GEN,12,1711
AVIA_GEN,12,239
AVIA_GEN,12,665
AVIA_GEN,12,0
AVIA_GEN,12,2933
AVIA_GEN,12,632
AVIA_GEN,12,12848
AVIA_GEN,12,506
AVIA_GEN,12,939
AVIA_GEN,12,135
AVIA_GEN,12,131
AVIA_GEN,1,5472
AVIA_GEN,1,5205
AVIA_GEN,1,5527
AVIA_GEN,1,64
AVIA_GEN,1,75
AVIA_GEN,1,64
AVIA_GEN,1,1665
AVIA_GEN,1,1508
AVIA_GEN,1,1460
AVIA_GEN,1,1710
AVIA_GEN,1,1745
AVIA_GEN,1,37125
AVIA_GEN,1,38061
AVIA_GEN,1,38059
AVIA_GEN,1,37139
AVIA_GEN,1,36971
AVIA_GEN,1,457
AVIA_GEN,1,597
AVIA_GEN,1,657
AVIA_GEN,1,840
AVIA_GEN,1,753
AVIA_GEN,1,849
AVIA_GEN,1,757
AVIA_GEN,1,786
AVIA_GEN,1,868
AVIA_GEN,1,755
AVIA_GEN,1,137
AVIA_GEN,1,134
AVIA_GEN,1,132
AVIA_GEN,1,115
AVIA_GEN,1,105
AVIA_GEN,1,1424
AVIA_GEN,1,1115
AVIA_GEN,1,1079
AVIA_GEN,1,1167
AVIA_GEN,1,1503
AVIA_GEN,1,413
AVIA_GEN,1,464
AVIA_GEN,1,450
AVIA_GEN,1,447
AVIA_GEN,1,452
AVIA_GEN,1,1685
AVIA_GEN,1,1612
AVIA_GEN,1,1581
AVIA_GEN,1,1767
AVIA_GEN,1,1731
AVIA_GEN,1,836
AVIA_GEN,1,920
AVIA_GEN,1,830
AVIA_GEN,1,764
AVIA_GEN,1,799
AVIA_GEN,1,344
AVIA_GEN,1,417
AVIA_GEN,1,406
AVIA_GEN,2,5920
AVIA_GEN,2,357
AVIA_GEN,2,102
AVIA_GEN,2,2697
AVIA_GEN,2,2850
AVIA_GEN,2,130
AVIA_GEN,2,13
AVIA_GEN,2,7334
AVIA_GEN,2,443
AVIA_GEN,2,225
AVIA_GEN,2,4126
AVIA_GEN,2,80
AVIA_GEN,2,1086
AVIA_GEN,2,132
AVIA_GEN,2,603
AVIA_GEN,2,88
AVIA_GEN,2,281
AVIA_GEN,2,3518
AVIA_GEN,2,7912
AVIA_GEN,2,826
AVIA_GEN,2,19074
AVIA_GEN,2,5912
AVIA_GEN,2,54
AVIA_GEN,2,1631
AVIA_GEN,2,34869
AVIA_GEN,2,467
AVIA_GEN,2,820
AVIA_GEN,2,128
AVIA_GEN,2,1333
AVIA_GEN,2,443
AVIA_GEN,2,1546
AVIA_GEN,2,803
AVIA_GEN,2,382
AVIA_GEN,2,2036
AVIA_GEN,2,65
AVIA_GEN,2,2381
AVIA_GEN,2,6310
AVIA_GEN,2,7310
AVIA_GEN,2,3
AVIA_GEN,2,12708
AVIA_GEN,2,2674
AVIA_GEN,2,348
AVIA_GEN,2,1627
AVIA_GEN,2,223
AVIA_GEN,2,576
AVIA_GEN,2,0
AVIA_GEN,2,2836
AVIA_GEN,2,608
AVIA_GEN,2,11416
AVIA_GEN,2,468
AVIA_GEN,2,568
AVIA_GEN,2,134
AVIA_GEN,2,132
AVIA_GEN,3,6933
AVIA_GEN,3,412
AVIA_GEN,3,119
AVIA_GEN,3,3014
AVIA_GEN,3,3238
AVIA_GEN,3,150
AVIA_GEN,3,9
AVIA_GEN,3,8388
AVIA_GEN,3,451
AVIA_GEN,3,264
AVIA_GEN,3,4786
AVIA_GEN,3,92
AVIA_GEN,3,1285
AVIA_GEN,3,126
AVIA_GEN,3,697
AVIA_GEN,3,100
AVIA_GEN,3,305
AVIA_GEN,3,4258
AVIA_GEN,3,9398
AVIA_GEN,3,995
AVIA_GEN,3,21976
AVIA_GEN,3,6808
AVIA_GEN,3,18
AVIA_GEN,3,1913
AVIA_GEN,3,39405
AVIA_GEN,3,540
AVIA_GEN,3,960
AVIA_GEN,3,147
AVIA_GEN,3,1276
AVIA_GEN,3,555
AVIA_GEN,3,1843
AVIA_GEN,3,934
AVIA_GEN,3,444
AVIA_GEN,3,2429
AVIA_GEN,3,89
AVIA_GEN,3,2741
AVIA_GEN,3,7160
AVIA_GEN,3,8469
AVIA_GEN,3,8
AVIA_GEN,3,14566
AVIA_GEN,3,3149
AVIA_GEN,3,497
AVIA_GEN,3,1947
AVIA_GEN,3,303
AVIA_GEN,3,724
AVIA_GEN,3,0
AVIA_GEN,3,3155
AVIA_GEN,3,665
AVIA_GEN,3,13062
AVIA_GEN,3,556
AVIA_GEN,3,637
AVIA_GEN,3,151
AVIA_GEN,3,158
AVIA_GEN,4,6403
AVIA_GEN,4,480
AVIA_GEN,4,112
AVIA_GEN,4,3070
AVIA_GEN,4,3377
AVIA_GEN,4,148
AVIA_GEN,4,1
AVIA_GEN,4,8990
AVIA_GEN,4,387
AVIA_GEN,4,116
AVIA_GEN,4,5176
AVIA_GEN,4,82
AVIA_GEN,4,1223
AVIA_GEN,4,62
AVIA_GEN,4,842
AVIA_GEN,4,90
AVIA_GEN,4,271
AVIA_GEN,4,4663
AVIA_GEN,4,10483
AVIA_GEN,4,1224
AVIA_GEN,4,23376
AVIA_GEN,4,7077
AVIA_GEN,4,1856
AVIA_GEN,4,39474
AVIA_GEN,4,528
AVIA_GEN,4,1053
AVIA_GEN,4,149
AVIA_GEN,4,1123
AVIA_GEN,4,1103
AVIA_GEN,4,2010
AVIA_GEN,4,975
AVIA_GEN,4,791
AVIA_GEN,4,2820
AVIA_GEN,4,73
AVIA_GEN,4,3118
AVIA_GEN,4,6041
AVIA_GEN,4,9054
AVIA_GEN,4,11
AVIA_GEN,4,15792
AVIA_GEN,4,3430
AVIA_GEN,4,811
AVIA_GEN,4,1783
AVIA_GEN,4,485
AVIA_GEN,4,623
AVIA_GEN,4,0
AVIA_GEN,4,3288
AVIA_GEN,4,762
AVIA_GEN,4,14054
AVIA_GEN,4,512
AVIA_GEN,4,678
AVIA_GEN,4,144
AVIA_GEN,4,141
AVIA_GEN,5,7166
AVIA_GEN,5,525
AVIA_GEN,5,120
AVIA_GEN,5,3282
AVIA_GEN,5,3735
AVIA_GEN,5,167
AVIA_GEN,5,9
AVIA_GEN,5,10714
AVIA_GEN,5,400
AVIA_GEN,5,440
AVIA_GEN,5,6000
AVIA_GEN,5,100
AVIA_GEN,5,1623
AVIA_GEN,5,174
AVIA_GEN,5,957
AVIA_GEN,5,100
AVIA_GEN,5,317
AVIA_GEN,5,5423
AVIA_GEN,5,11369
AVIA_GEN,5,1356
AVIA_GEN,5,26092
AVIA_GEN,5,8181
AVIA_GEN,5,2032
AVIA_GEN,5,41015
AVIA_GEN,5,568
AVIA_GEN,5,1133
AVIA_GEN,5,194
AVIA_GEN,5,1261
AVIA_GEN,5,1005
AVIA_GEN,5,2210
AVIA_GEN,5,1049
AVIA_GEN,5,698
AVIA_GEN,5,3401
AVIA_GEN,5,122
AVIA_GEN,5,3317
AVIA_GEN,5,6693
AVIA_GEN,5,9921
AVIA_GEN,5,21
AVIA_GEN,5,18137
AVIA_GEN,5,4276
AVIA_GEN,5,867
AVIA_GEN,5,2134
AVIA_GEN,5,515
AVIA_GEN,5,699
AVIA_GEN,5,0
AVIA_GEN,5,3521
AVIA_GEN,5,1081
AVIA_GEN,5,15433
AVIA_GEN,5,548
AVIA_GEN,5,747
AVIA_GEN,5,155
AVIA_GEN,5,163
AVIA_GEN,6,7114
AVIA_GEN,6,506
AVIA_GEN,6,133
AVIA_GEN,6,3281
AVIA_GEN,6,3700
AVIA_GEN,6,146
AVIA_GEN,6,5
AVIA_GEN,6,10862
AVIA_GEN,6,436
AVIA_GEN,6,451
AVIA_GEN,6,6217
AVIA_GEN,6,96
AVIA_GEN,6,1804
AVIA_GEN,6,175
AVIA_GEN,6,1017
AVIA_GEN,6,98
AVIA_GEN,6,313
AVIA_GEN,6,5568
AVIA_GEN,6,11407
AVIA_GEN,6,1376
AVIA_GEN,6,26730
AVIA_GEN,6,8385
AVIA_GEN,6,1
AVIA_GEN,6,2043
AVIA_GEN,6,40516
AVIA_GEN,6,595
AVIA_GEN,6,1128
AVIA_GEN,6,192
AVIA_GEN,6,1398
AVIA_GEN,6,1031
AVIA_GEN,6,2311
AVIA_GEN,6,1013
AVIA_GEN,6,653
AVIA_GEN,6,3589
AVIA_GEN,6,105
AVIA_GEN,6,3156
AVIA_GEN,6,6653
AVIA_GEN,6,9824
AVIA_GEN,6,18
AVIA_GEN,6,18643
AVIA_GEN,6,4560
AVIA_GEN,6,954
AVIA_GEN,6,2284
AVIA_GEN,6,517
AVIA_GEN,6,700
AVIA_GEN,6,0
AVIA_GEN,6,3718
AVIA_GEN,6,1130
AVIA_GEN,6,15310
AVIA_GEN,6,529
AVIA_GEN,6,743
AVIA_GEN,6,141
AVIA_GEN,6,163
AVIA_GEN,7,6940
AVIA_GEN,7,634
AVIA_GEN,7,132
AVIA_GEN,7,3277
AVIA_GEN,7,3806
AVIA_GEN,7,169
AVIA_GEN,7,12
AVIA_GEN,7,11506
AVIA_GEN,7,456
AVIA_GEN,7,488
AVIA_GEN,7,6342
AVIA_GEN,7,93
AVIA_GEN,7,1711
AVIA_GEN,7,186
AVIA_GEN,7,1100
AVIA_GEN,7,94
AVIA_GEN,7,319
AVIA_GEN,7,5714
AVIA_GEN,7,11845
AVIA_GEN,7,1414
AVIA_GEN,7,28173
AVIA_GEN,7,8700
AVIA_GEN,7,2159
AVIA_GEN,7,41842
AVIA_GEN,7,642
AVIA_GEN,7,1191
AVIA_GEN,7,188
AVIA_GEN,7,1244
AVIA_GEN,7,1172
AVIA_GEN,7,2433
AVIA_GEN,7,1026
AVIA_GEN,7,788
AVIA_GEN,7,3848
AVIA_GEN,7,123
AVIA_GEN,7,3393
AVIA_GEN,7,6216
AVIA_GEN,7,10328
AVIA_GEN,7,22
AVIA_GEN,7,19709
AVIA_GEN,7,4618
AVIA_GEN,7,1002
AVIA_GEN,7,2437
AVIA_GEN,7,602
AVIA_GEN,7,670
AVIA_GEN,7,0
AVIA_GEN,7,3880
AVIA_GEN,7,1206
AVIA_GEN,7,16284
AVIA_GEN,7,539
AVIA_GEN,7,1151
AVIA_GEN,7,164
AVIA_GEN,7,153
AVIA_GEN,8,7436
AVIA_GEN,8,675
AVIA_GEN,8,126
AVIA_GEN,8,3323
AVIA_GEN,8,3999
AVIA_GEN,8,182
AVIA_GEN,8,21
AVIA_GEN,8,11510
AVIA_GEN,8,402
AVIA_GEN,8,502
AVIA_GEN,8,6347
AVIA_GEN,8,101
AVIA_GEN,8,1715
AVIA_GEN,8,184
AVIA_GEN,8,1103
AVIA_GEN,8,102
AVIA_GEN,8,298
AVIA_GEN,8,5812
AVIA_GEN,8,11830
AVIA_GEN,8,1440
AVIA_GEN,8,28332
AVIA_GEN,8,8373
AVIA_GEN,8,2107
AVIA_GEN,8,41982
AVIA_GEN,8,657
AVIA_GEN,8,1168
AVIA_GEN,8,193
AVIA_GEN,8,1254
AVIA_GEN,8,1471
AVIA_GEN,8,2374
AVIA_GEN,8,1051
AVIA_GEN,8,1024
AVIA_GEN,8,3803
AVIA_GEN,8,141
AVIA_GEN,8,3386
AVIA_GEN,8,6359
AVIA_GEN,8,10356
AVIA_GEN,8,30
AVIA_GEN,8,19941
AVIA_GEN,8,4587
AVIA_GEN,8,1005
AVIA_GEN,8,2168
AVIA_GEN,8,582
AVIA_GEN,8,660
AVIA_GEN,8,0
AVIA_GEN,8,3919
AVIA_GEN,8,1181
AVIA_GEN,8,16760
AVIA_GEN,8,570
AVIA_GEN,8,1623
AVIA_GEN,8,149
AVIA_GEN,8,167
AVIA_GEN,9,7284
AVIA_GEN,9,567
AVIA_GEN,9,112
AVIA_GEN,9,3182
AVIA_GEN,9,3960
AVIA_GEN,9,152
AVIA_GEN,9,25
AVIA_GEN,9,10823
AVIA_GEN,9,517
AVIA_GEN,9,447
AVIA_GEN,9,6157
AVIA_GEN,9,92
AVIA_GEN,9,1659
AVIA_GEN,9,173
AVIA_GEN,9,1060
AVIA_GEN,9,109
AVIA_GEN,9,283
AVIA_GEN,9,5528
AVIA_GEN,9,11432
AVIA_GEN,9,1332
AVIA_GEN,9,27059
AVIA_GEN,9,8353
AVIA_GEN,9,2037
AVIA_GEN,9,40875
AVIA_GEN,9,602
AVIA_GEN,9,1098
AVIA_GEN,9,160
AVIA_GEN,9,1174
AVIA_GEN,9,1185
AVIA_GEN,9,2247
AVIA_GEN,9,1135
AVIA_GEN,9,846
AVIA_GEN,9,3520
AVIA_GEN,9,100
AVIA_GEN,9,3216
AVIA_GEN,9,6492
AVIA_GEN,9,9859
AVIA_GEN,9,20
AVIA_GEN,9,19193
AVIA_GEN,9,4422
AVIA_GEN,9,884
AVIA_GEN,9,2108
AVIA_GEN,9,533
AVIA_GEN,9,581
AVIA_GEN,9,0
AVIA_GEN,9,3436
AVIA_GEN,9,1101
AVIA_GEN,9,15898
AVIA_GEN,9,692
AVIA_GEN,9,1764
AVIA_GEN,9,149
AVIA_GEN,9,145
AVIA_GEN,10,7357
AVIA_GEN,10,474
AVIA_GEN,10,114
AVIA_GEN,10,3239
AVIA_GEN,10,3697
AVIA_GEN,10,158
AVIA_GEN,10,15
AVIA_GEN,10,9793
AVIA_GEN,10,488
AVIA_GEN,10,413
AVIA_GEN,10,5907
AVIA_GEN,10,88
AVIA_GEN,10,1518
AVIA_GEN,10,182
AVIA_GEN,10,857
AVIA_GEN,10,109
AVIA_GEN,10,401
AVIA_GEN,10,5242
AVIA_GEN,10,11224
AVIA_GEN,10,1194
AVIA_GEN,10,24731
AVIA_GEN,10,8218
AVIA_GEN,10,1957
AVIA_GEN,10,41341
AVIA_GEN,10,618
AVIA_GEN,10,1095
AVIA_GEN,10,163
AVIA_GEN,10,1196
AVIA_GEN,10,795
AVIA_GEN,10,2023
AVIA_GEN,10,1151
AVIA_GEN,10,599
AVIA_GEN,10,2986
AVIA_GEN,10,75
AVIA_GEN,10,3186
AVIA_GEN,10,6836
AVIA_GEN,10,9442
AVIA_GEN,10,12
AVIA_GEN,10,17248
AVIA_GEN,10,4000
AVIA_GEN,10,730
AVIA_GEN,10,2013
AVIA_GEN,10,512
AVIA_GEN,10,661
AVIA_GEN,10,0
AVIA_GEN,10,3230
AVIA_GEN,10,1065
AVIA_GEN,10,15619
AVIA_GEN,10,724
AVIA_GEN,10,1116
AVIA_GEN,10,146
AVIA_GEN,10,146
AVIA_GEN,11,7010
AVIA_GEN,11,359
AVIA_GEN,11,108
AVIA_GEN,11,2912
AVIA_GEN,11,3120
AVIA_GEN,11,152
AVIA_GEN,11,11
AVIA_GEN,11,7241
AVIA_GEN,11,451
AVIA_GEN,11,179
AVIA_GEN,11,4172
AVIA_GEN,11,88
AVIA_GEN,11,1096
AVIA_GEN,11,192
AVIA_GEN,11,510
AVIA_GEN,11,98
AVIA_GEN,11,593
AVIA_GEN,11,3867
AVIA_GEN,11,8976
AVIA_GEN,11,860
AVIA_GEN,11,18358
AVIA_GEN,11,6637
AVIA_GEN,11,1695
AVIA_GEN,11,38712
AVIA_GEN,11,570
AVIA_GEN,11,876
AVIA_GEN,11,137
AVIA_GEN,11,1125
AVIA_GEN,11,458
AVIA_GEN,11,1727
AVIA_GEN,11,1057
AVIA_GEN,11,392
AVIA_GEN,11,2085
AVIA_GEN,11,56
AVIA_GEN,11,2425
AVIA_GEN,11,6470
AVIA_GEN,11,6759
AVIA_GEN,11,2
AVIA_GEN,11,13503
AVIA_GEN,11,2703
AVIA_GEN,11,367
AVIA_GEN,11,1816
AVIA_GEN,11,230
AVIA_GEN,11,704
AVIA_GEN,11,0
AVIA_GEN,11,2755
AVIA_GEN,11,936
AVIA_GEN,11,12583
AVIA_GEN,11,700
AVIA_GEN,11,1054
AVIA_GEN,11,149
AVIA_GEN,11,148
AVIA_GEN,12,6225
AVIA_GEN,12,367
AVIA_GEN,12,106
AVIA_GEN,12,2797
AVIA_GEN,12,3160
AVIA_GEN,12,137
AVIA_GEN,12,12
AVIA_GEN,12,7270
AVIA_GEN,12,489
AVIA_GEN,12,225
AVIA_GEN,12,4378
AVIA_GEN,12,76
AVIA_GEN,12,1065
AVIA_GEN,12,185
AVIA_GEN,12,600
AVIA_GEN,12,90
AVIA_GEN,12,440
AVIA_GEN,12,3686
AVIA_GEN,12,8749
AVIA_GEN,12,893
AVIA_GEN,12,20248
AVIA_GEN,12,5966
AVIA_GEN,12,1534
AVIA_GEN,12,39030
AVIA_GEN,12,559
AVIA_GEN,12,874
AVIA_GEN,12,120
AVIA_GEN,12,1122
AVIA_GEN,12,400
AVIA_GEN,12,1611
AVIA_GEN,12,978
AVIA_GEN,12,351
AVIA_GEN,12,1984
AVIA_GEN,12,32
AVIA_GEN,12,2603
AVIA_GEN,12,5416
AVIA_GEN,12,7323
AVIA_GEN,12,2
AVIA_GEN,12,13612
AVIA_GEN,12,2657
AVIA_GEN,12,388
AVIA_GEN,12,1485
AVIA_GEN,12,248
AVIA_GEN,12,625
AVIA_GEN,12,0
AVIA_GEN,12,2733
AVIA_GEN,12,1021
AVIA_GEN,12,12957
AVIA_GEN,12,607
AVIA_GEN,12,948
AVIA_GEN,12,134
AVIA_GEN,12,111
AVIA_GEN,1,347
AVIA_GEN,1,400
AVIA_GEN,1,2032
AVIA_GEN,1,1893
AVIA_GEN,1,1635
AVIA_GEN,1,1828
AVIA_GEN,1,1722
AVIA_GEN,1,42
AVIA_GEN,1,37
AVIA_GEN,1,39
AVIA_GEN,1,42
AVIA_GEN,1,37
AVIA_GEN,1,2513
AVIA_GEN,1,2524
AVIA_GEN,1,2543
AVIA_GEN,1,2024
AVIA_GEN,1,2757
AVIA_GEN,1,5965
AVIA_GEN,1,5969
AVIA_GEN,1,6360
AVIA_GEN,1,6393
AVIA_GEN,1,5977
AVIA_GEN,1,7419
AVIA_GEN,1,7206
AVIA_GEN,1,7946
AVIA_GEN,1,5230
AVIA_GEN,1,6435
AVIA_GEN,1,1
AVIA_GEN,1,1
AVIA_GEN,1,1
AVIA_GEN,1,1
AVIA_GEN,1,13386
AVIA_GEN,1,13054
AVIA_GEN,1,13344
AVIA_GEN,1,10801
AVIA_GEN,1,11354
AVIA_GEN,1,2841
AVIA_GEN,1,2707
AVIA_GEN,1,2546
AVIA_GEN,1,2619
AVIA_GEN,1,2532
AVIA_GEN,1,377
AVIA_GEN,1,373
AVIA_GEN,1,380
AVIA_GEN,1,305
AVIA_GEN,1,304
AVIA_GEN,1,1762
AVIA_GEN,1,1565
AVIA_GEN,1,1406
AVIA_GEN,1,1622
AVIA_GEN,1,1613
AVIA_GEN,2,6316
AVIA_GEN,2,321
AVIA_GEN,2,106
AVIA_GEN,2,2652
AVIA_GEN,2,2894
AVIA_GEN,2,140
AVIA_GEN,2,19
AVIA_GEN,2,6982
AVIA_GEN,2,407
AVIA_GEN,2,201
AVIA_GEN,2,4246
AVIA_GEN,2,80
AVIA_GEN,2,1072
AVIA_GEN,2,177
AVIA_GEN,2,436
AVIA_GEN,2,89
AVIA_GEN,2,367
AVIA_GEN,2,3481
AVIA_GEN,2,8173
AVIA_GEN,2,806
AVIA_GEN,2,19003
AVIA_GEN,2,5821
AVIA_GEN,2,1473
AVIA_GEN,2,35267
AVIA_GEN,2,502
AVIA_GEN,2,760
AVIA_GEN,2,126
AVIA_GEN,2,1069
AVIA_GEN,2,443
AVIA_GEN,2,1594
AVIA_GEN,2,908
AVIA_GEN,2,408
AVIA_GEN,2,1901
AVIA_GEN,2,66
AVIA_GEN,2,2438
AVIA_GEN,2,6106
AVIA_GEN,2,6873
AVIA_GEN,2,1
AVIA_GEN,2,12509
AVIA_GEN,2,2564
AVIA_GEN,2,350
AVIA_GEN,2,1305
AVIA_GEN,2,216
AVIA_GEN,2,617
AVIA_GEN,2,0
AVIA_GEN,2,2689
AVIA_GEN,2,980
AVIA_GEN,2,11952
AVIA_GEN,2,646
AVIA_GEN,2,654
AVIA_GEN,2,134
AVIA_GEN,2,132
AVIA_GEN,3,6940
AVIA_GEN,3,370
AVIA_GEN,3,118
AVIA_GEN,3,3009
AVIA_GEN,3,3475
AVIA_GEN,3,152
AVIA_GEN,3,14
AVIA_GEN,3,8028
AVIA_GEN,3,410
AVIA_GEN,3,267
AVIA_GEN,3,4922
AVIA_GEN,3,88
AVIA_GEN,3,1267
AVIA_GEN,3,194
AVIA_GEN,3,615
AVIA_GEN,3,98
AVIA_GEN,3,340
AVIA_GEN,3,4085
AVIA_GEN,3,9608
AVIA_GEN,3,916
AVIA_GEN,3,21981
AVIA_GEN,3,6676
AVIA_GEN,3,1722
AVIA_GEN,3,40047
AVIA_GEN,3,599
AVIA_GEN,3,936
AVIA_GEN,3,149
AVIA_GEN,3,1207
AVIA_GEN,3,690
AVIA_GEN,3,1510
AVIA_GEN,3,995
AVIA_GEN,3,529
AVIA_GEN,3,2266
AVIA_GEN,3,71
AVIA_GEN,3,2842
AVIA_GEN,3,6646
AVIA_GEN,3,8210
AVIA_GEN,3,1
AVIA_GEN,3,14581
AVIA_GEN,3,3049
AVIA_GEN,3,488
AVIA_GEN,3,1569
AVIA_GEN,3,305
AVIA_GEN,3,672
AVIA_GEN,3,0
AVIA_GEN,3,3064
AVIA_GEN,3,1136
AVIA_GEN,3,14056
AVIA_GEN,3,617
AVIA_GEN,3,804
AVIA_GEN,3,150
AVIA_GEN,3,142
AVIA_GEN,4,6515
AVIA_GEN,4,386
AVIA_GEN,4,110
AVIA_GEN,4,3011
AVIA_GEN,4,3701
AVIA_GEN,4,162
AVIA_GEN,4,8
AVIA_GEN,4,8322
AVIA_GEN,4,558
AVIA_GEN,4,396
AVIA_GEN,4,5359
AVIA_GEN,4,86
AVIA_GEN,4,1301
AVIA_GEN,4,178
AVIA_GEN,4,740
AVIA_GEN,4,96
AVIA_GEN,4,295
AVIA_GEN,4,4626
AVIA_GEN,4,10756
AVIA_GEN,4,1141
AVIA_GEN,4,23208
AVIA_GEN,4,7191
AVIA_GEN,4,1681
AVIA_GEN,4,39670
AVIA_GEN,4,631
AVIA_GEN,4,1049
AVIA_GEN,4,160
AVIA_GEN,4,1203
AVIA_GEN,4,1042
AVIA_GEN,4,1639
AVIA_GEN,4,1006
AVIA_GEN,4,699
AVIA_GEN,4,2518
AVIA_GEN,4,94
AVIA_GEN,4,3076
AVIA_GEN,4,6449
AVIA_GEN,4,9075
AVIA_GEN,4,15492
AVIA_GEN,4,3329
AVIA_GEN,4,669
AVIA_GEN,4,1521
AVIA_GEN,4,506
AVIA_GEN,4,731
AVIA_GEN,4,0
AVIA_GEN,4,3203
AVIA_GEN,4,1341
AVIA_GEN,4,15590
AVIA_GEN,4,585
AVIA_GEN,4,822
AVIA_GEN,4,140
AVIA_GEN,4,140
AVIA_GEN,5,7097
AVIA_GEN,5,427
AVIA_GEN,5,144
AVIA_GEN,5,3322
AVIA_GEN,5,4127
AVIA_GEN,5,187
AVIA_GEN,5,12
AVIA_GEN,5,9581
AVIA_GEN,5,393
AVIA_GEN,5,414
AVIA_GEN,5,6214
AVIA_GEN,5,100
AVIA_GEN,5,1658
AVIA_GEN,5,189
AVIA_GEN,5,894
AVIA_GEN,5,109
AVIA_GEN,5,318
AVIA_GEN,5,5521
AVIA_GEN,5,11476
AVIA_GEN,5,1271
AVIA_GEN,5,25510
AVIA_GEN,5,8102
AVIA_GEN,5,1847
AVIA_GEN,5,41217
AVIA_GEN,5,693
AVIA_GEN,5,1103
AVIA_GEN,5,175
AVIA_GEN,5,1312
AVIA_GEN,5,1289
AVIA_GEN,5,2304
AVIA_GEN,5,1078
AVIA_GEN,5,867
AVIA_GEN,5,3078
AVIA_GEN,5,126
AVIA_GEN,5,3255
AVIA_GEN,5,6927
AVIA_GEN,5,9690
AVIA_GEN,5,1
AVIA_GEN,5,17691
AVIA_GEN,5,4180
AVIA_GEN,5,817
AVIA_GEN,5,1801
AVIA_GEN,5,2
AVIA_GEN,5,526
AVIA_GEN,5,821
AVIA_GEN,5,0
AVIA_GEN,5,3263
AVIA_GEN,5,1509
AVIA_GEN,5,16960
AVIA_GEN,5,638
AVIA_GEN,5,875
AVIA_GEN,5,160
AVIA_GEN,5,142
AVIA_GEN,6,6719
AVIA_GEN,6,431
AVIA_GEN,6,138
AVIA_GEN,6,3166
AVIA_GEN,6,4273
AVIA_GEN,6,170
AVIA_GEN,6,16
AVIA_GEN,6,9908
AVIA_GEN,6,392
AVIA_GEN,6,421
AVIA_GEN,6,6465
AVIA_GEN,6,92
AVIA_GEN,6,1707
AVIA_GEN,6,183
AVIA_GEN,6,975
AVIA_GEN,6,98
AVIA_GEN,6,301
AVIA_GEN,6,5617
AVIA_GEN,6,11525
AVIA_GEN,6,1324
AVIA_GEN,6,26602
AVIA_GEN,6,8159
AVIA_GEN,6,1898
AVIA_GEN,6,40341
AVIA_GEN,6,705
AVIA_GEN,6,1093
AVIA_GEN,6,160
AVIA_GEN,6,1316
AVIA_GEN,6,1327
AVIA_GEN,6,2376
AVIA_GEN,6,1067
AVIA_GEN,6,1000
AVIA_GEN,6,3375
AVIA_GEN,6,107
AVIA_GEN,6,3186
AVIA_GEN,6,6830
AVIA_GEN,6,9737
AVIA_GEN,6,10
AVIA_GEN,6,18489
AVIA_GEN,6,4367
AVIA_GEN,6,918
AVIA_GEN,6,1948
AVIA_GEN,6,1
AVIA_GEN,6,526
AVIA_GEN,6,793
AVIA_GEN,6,0
AVIA_GEN,6,3156
AVIA_GEN,6,1614
AVIA_GEN,6,16888
AVIA_GEN,6,552
AVIA_GEN,6,857
AVIA_GEN,6,146
AVIA_GEN,6,124
AVIA_GEN,7,7075
AVIA_GEN,7,516
AVIA_GEN,7,134
AVIA_GEN,7,3247
AVIA_GEN,7,4483
AVIA_GEN,7,183
AVIA_GEN,7,33
AVIA_GEN,7,10254
AVIA_GEN,7,566
AVIA_GEN,7,444
AVIA_GEN,7,6672
AVIA_GEN,7,98
AVIA_GEN,7,1783
AVIA_GEN,7,198
AVIA_GEN,7,998
AVIA_GEN,7,108
AVIA_GEN,7,277
AVIA_GEN,7,5780
AVIA_GEN,7,12061
AVIA_GEN,7,1379
AVIA_GEN,7,27897
AVIA_GEN,7,8458
AVIA_GEN,7,1962
AVIA_GEN,7,41975
AVIA_GEN,7,658
AVIA_GEN,7,1201
AVIA_GEN,7,168
AVIA_GEN,7,1174
AVIA_GEN,7,1435
AVIA_GEN,7,2457
AVIA_GEN,7,1104
AVIA_GEN,7,1158
AVIA_GEN,7,3518
AVIA_GEN,7,103
AVIA_GEN,7,3333
AVIA_GEN,7,6740
AVIA_GEN,7,10322
AVIA_GEN,7,13
AVIA_GEN,7,19224
AVIA_GEN,7,4445
AVIA_GEN,7,909
AVIA_GEN,7,2004
AVIA_GEN,7,528
AVIA_GEN,7,744
AVIA_GEN,7,0
AVIA_GEN,7,3211
AVIA_GEN,7,1743
AVIA_GEN,7,17714
AVIA_GEN,7,576
AVIA_GEN,7,781
AVIA_GEN,7,166
AVIA_GEN,7,122
AVIA_GEN,8,7441
AVIA_GEN,8,661
AVIA_GEN,8,118
AVIA_GEN,8,3222
AVIA_GEN,8,4411
AVIA_GEN,8,182
AVIA_GEN,8,26
AVIA_GEN,8,10286
AVIA_GEN,8,284
AVIA_GEN,8,466
AVIA_GEN,8,6556
AVIA_GEN,8,100
AVIA_GEN,8,1794
AVIA_GEN,8,191
AVIA_GEN,8,1014
AVIA_GEN,8,103
AVIA_GEN,8,247
AVIA_GEN,8,5829
AVIA_GEN,8,11974
AVIA_GEN,8,1385
AVIA_GEN,8,28234
AVIA_GEN,8,8224
AVIA_GEN,8,2015
AVIA_GEN,8,41725
AVIA_GEN,8,684
AVIA_GEN,8,1195
AVIA_GEN,8,168
AVIA_GEN,8,1167
AVIA_GEN,8,1258
AVIA_GEN,8,2518
AVIA_GEN,8,1121
AVIA_GEN,8,1128
AVIA_GEN,8,3469
AVIA_GEN,8,122
AVIA_GEN,8,3458
AVIA_GEN,8,6481
AVIA_GEN,8,10316
AVIA_GEN,8,10
AVIA_GEN,8,19445
AVIA_GEN,8,4464
AVIA_GEN,8,925
AVIA_GEN,8,1963
AVIA_GEN,8,539
AVIA_GEN,8,762
AVIA_GEN,8,0
AVIA_GEN,8,3303
AVIA_GEN,8,1859
AVIA_GEN,8,18233
AVIA_GEN,8,599
AVIA_GEN,8,787
AVIA_GEN,8,163
AVIA_GEN,8,116
AVIA_GEN,9,6758
AVIA_GEN,9,444
AVIA_GEN,9,114
AVIA_GEN,9,3042
AVIA_GEN,9,4328
AVIA_GEN,9,164
AVIA_GEN,9,28
AVIA_GEN,9,9704
AVIA_GEN,9,173
AVIA_GEN,9,437
AVIA_GEN,9,6324
AVIA_GEN,9,91
AVIA_GEN,9,1699
AVIA_GEN,9,162
AVIA_GEN,9,916
AVIA_GEN,9,107
AVIA_GEN,9,305
AVIA_GEN,9,5528
AVIA_GEN,9,11411
AVIA_GEN,9,1304
AVIA_GEN,9,26777
AVIA_GEN,9,7823
AVIA_GEN,9,1832
AVIA_GEN,9,40479
AVIA_GEN,9,655
AVIA_GEN,9,1081
AVIA_GEN,9,159
AVIA_GEN,9,1139
AVIA_GEN,9,1045
AVIA_GEN,9,2287
AVIA_GEN,9,1008
AVIA_GEN,9,868
AVIA_GEN,9,3196
AVIA_GEN,9,65
AVIA_GEN,9,3340
AVIA_GEN,9,6520
AVIA_GEN,9,9812
AVIA_GEN,9,10
AVIA_GEN,9,18510
AVIA_GEN,9,4274
AVIA_GEN,9,787
AVIA_GEN,9,1799
AVIA_GEN,9,511
AVIA_GEN,9,617
AVIA_GEN,9,0
AVIA_GEN,9,2975
AVIA_GEN,9,1763
AVIA_GEN,9,17345
AVIA_GEN,9,530
AVIA_GEN,9,683
AVIA_GEN,9,146
AVIA_GEN,9,122
AVIA_GEN,10,7342
AVIA_GEN,10,381
AVIA_GEN,10,109
AVIA_GEN,10,3012
AVIA_GEN,10,4128
AVIA_GEN,10,185
AVIA_GEN,10,10
AVIA_GEN,10,9549
AVIA_GEN,10,367
AVIA_GEN,10,418
AVIA_GEN,10,6073
AVIA_GEN,10,90
AVIA_GEN,10,1547
AVIA_GEN,10,176
AVIA_GEN,10,644
AVIA_GEN,10,118
AVIA_GEN,10,311
AVIA_GEN,10,5412
AVIA_GEN,10,11463
AVIA_GEN,10,1152
AVIA_GEN,10,24902
AVIA_GEN,10,7651
AVIA_GEN,10,1808
AVIA_GEN,10,41764
AVIA_GEN,10,668
AVIA_GEN,10,1095
AVIA_GEN,10,171
AVIA_GEN,10,1191
AVIA_GEN,10,727
AVIA_GEN,10,2124
AVIA_GEN,10,1041
AVIA_GEN,10,694
AVIA_GEN,10,2769
AVIA_GEN,10,58
AVIA_GEN,10,3277
AVIA_GEN,10,7000
AVIA_GEN,10,9705
AVIA_GEN,10,1
AVIA_GEN,10,17517
AVIA_GEN,10,3983
AVIA_GEN,10,641
AVIA_GEN,10,1961
AVIA_GEN,10,495
AVIA_GEN,10,669
AVIA_GEN,10,0
AVIA_GEN,10,2941
AVIA_GEN,10,1692
AVIA_GEN,10,16759
AVIA_GEN,10,579
AVIA_GEN,10,1052
AVIA_GEN,10,157
AVIA_GEN,10,132
AVIA_GEN,11,6547
AVIA_GEN,11,327
AVIA_GEN,11,97
AVIA_GEN,11,2771
AVIA_GEN,11,3623
AVIA_GEN,11,148
AVIA_GEN,11,7
AVIA_GEN,11,7461
AVIA_GEN,11,374
AVIA_GEN,11,181
AVIA_GEN,11,4375
AVIA_GEN,11,88
AVIA_GEN,11,1077
AVIA_GEN,11,236
AVIA_GEN,11,489
AVIA_GEN,11,102
AVIA_GEN,11,282
AVIA_GEN,11,3911
AVIA_GEN,11,9452
AVIA_GEN,11,986
AVIA_GEN,11,19124
AVIA_GEN,11,5930
AVIA_GEN,11,1678
AVIA_GEN,11,38222
AVIA_GEN,11,651
AVIA_GEN,11,884
AVIA_GEN,11,137
AVIA_GEN,11,1122
AVIA_GEN,11,437
AVIA_GEN,11,1756
AVIA_GEN,11,834
AVIA_GEN,11,413
AVIA_GEN,11,1872
AVIA_GEN,11,60
AVIA_GEN,11,2517
AVIA_GEN,11,6673
AVIA_GEN,11,7339
AVIA_GEN,11,2
AVIA_GEN,11,13689
AVIA_GEN,11,2619
AVIA_GEN,11,369
AVIA_GEN,11,1661
AVIA_GEN,11,212
AVIA_GEN,11,570
AVIA_GEN,11,0
AVIA_GEN,11,2577
AVIA_GEN,11,1234
AVIA_GEN,11,13381
AVIA_GEN,11,497
AVIA_GEN,11,905
AVIA_GEN,11,135
AVIA_GEN,11,122
AVIA_GEN,12,6012
AVIA_GEN,12,338
AVIA_GEN,12,96
AVIA_GEN,12,2665
AVIA_GEN,12,3608
AVIA_GEN,12,145
AVIA_GEN,12,21
AVIA_GEN,12,7331
AVIA_GEN,12,268
AVIA_GEN,12,238
AVIA_GEN,12,4658
AVIA_GEN,12,72
AVIA_GEN,12,1022
AVIA_GEN,12,242
AVIA_GEN,12,574
AVIA_GEN,12,91
AVIA_GEN,12,251
AVIA_GEN,12,3680
AVIA_GEN,12,9092
AVIA_GEN,12,1004
AVIA_GEN,12,21037
AVIA_GEN,12,5623
AVIA_GEN,12,1506
AVIA_GEN,12,38706
AVIA_GEN,12,575
AVIA_GEN,12,853
AVIA_GEN,12,125
AVIA_GEN,12,1082
AVIA_GEN,12,430
AVIA_GEN,12,1651
AVIA_GEN,12,758
AVIA_GEN,12,406
AVIA_GEN,12,1670
AVIA_GEN,12,46
AVIA_GEN,12,2668
AVIA_GEN,12,5695
AVIA_GEN,12,8381
AVIA_GEN,12,9
AVIA_GEN,12,13930
AVIA_GEN,12,2431
AVIA_GEN,12,385
AVIA_GEN,12,1478
AVIA_GEN,12,225
AVIA_GEN,12,413
AVIA_GEN,12,0
AVIA_GEN,12,2568
AVIA_GEN,12,1281
AVIA_GEN,12,13605
AVIA_GEN,12,418
AVIA_GEN,12,924
AVIA_GEN,12,128
AVIA_GEN,12,92
AVIA_GEN,1,2
AVIA_GEN,1,2
AVIA_GEN,1,238
AVIA_GEN,1,238
AVIA_GEN,1,209
AVIA_GEN,1,183
AVIA_GEN,1,179
AVIA_GEN,1,557
AVIA_GEN,1,672
AVIA_GEN,1,429
AVIA_GEN,1,894
AVIA_GEN,1,628
AVIA_GEN,1,0
AVIA_GEN,1,0
AVIA_GEN,1,0
AVIA_GEN,1,58
AVIA_GEN,1,58
AVIA_GEN,1,2814
AVIA_GEN,1,2800
AVIA_GEN,1,2439
AVIA_GEN,1,2427
AVIA_GEN,1,2369
AVIA_GEN,1,577
AVIA_GEN,1,937
AVIA_GEN,1,886
AVIA_GEN,1,735
AVIA_GEN,1,561
AVIA_GEN,1,12733
AVIA_GEN,1,13177
AVIA_GEN,1,13972
AVIA_GEN,1,11536
AVIA_GEN,1,12523
AVIA_GEN,1,474
AVIA_GEN,1,666
AVIA_GEN,1,432
AVIA_GEN,1,466
AVIA_GEN,1,461
AVIA_GEN,1,593
AVIA_GEN,1,718
AVIA_GEN,1,953
AVIA_GEN,1,670
AVIA_GEN,1,772
AVIA_GEN,1,148
AVIA_GEN,1,144
AVIA_GEN,1,128
AVIA_GEN,1,74
AVIA_GEN,1,117
AVIA_GEN,1,123
AVIA_GEN,1,140
AVIA_GEN,1,124
AVIA_GEN,1,237
AVIA_GEN,1,147
AVIA_GEN,2,5626
AVIA_GEN,2,309
AVIA_GEN,2,100
AVIA_GEN,2,2528
AVIA_GEN,2,3381
AVIA_GEN,2,136
AVIA_GEN,2,18
AVIA_GEN,2,7027
AVIA_GEN,2,338
AVIA_GEN,2,238
AVIA_GEN,2,3994
AVIA_GEN,2,79
AVIA_GEN,2,1004
AVIA_GEN,2,178
AVIA_GEN,2,486
AVIA_GEN,2,95
AVIA_GEN,2,301
AVIA_GEN,2,3439
AVIA_GEN,2,8514
AVIA_GEN,2,922
AVIA_GEN,2,19659
AVIA_GEN,2,5246
AVIA_GEN,2,1486
AVIA_GEN,2,35488
AVIA_GEN,2,558
AVIA_GEN,2,754
AVIA_GEN,2,125
AVIA_GEN,2,1024
AVIA_GEN,2,433
AVIA_GEN,2,1585
AVIA_GEN,2,789
AVIA_GEN,2,393
AVIA_GEN,2,1624
AVIA_GEN,2,62
AVIA_GEN,2,2506
AVIA_GEN,2,6411
AVIA_GEN,2,7557
AVIA_GEN,2,12693
AVIA_GEN,2,2443
AVIA_GEN,2,339
AVIA_GEN,2,1470
AVIA_GEN,2,188
AVIA_GEN,2,393
AVIA_GEN,2,0
AVIA_GEN,2,2400
AVIA_GEN,2,900
AVIA_GEN,2,12770
AVIA_GEN,2,420
AVIA_GEN,2,830
AVIA_GEN,2,128
AVIA_GEN,2,114
AVIA_GEN,3,6204
AVIA_GEN,3,344
AVIA_GEN,3,114
AVIA_GEN,3,2839
AVIA_GEN,3,3739
AVIA_GEN,3,152
AVIA_GEN,3,12
AVIA_GEN,3,7919
AVIA_GEN,3,310
AVIA_GEN,3,254
AVIA_GEN,3,4296
AVIA_GEN,3,84
AVIA_GEN,3,1258
AVIA_GEN,3,242
AVIA_GEN,3,574
AVIA_GEN,3,95
AVIA_GEN,3,320
AVIA_GEN,3,3815
AVIA_GEN,3,9721
AVIA_GEN,3,1028
AVIA_GEN,3,22382
AVIA_GEN,3,6100
AVIA_GEN,3,1657
AVIA_GEN,3,40070
AVIA_GEN,3,636
AVIA_GEN,3,855
AVIA_GEN,3,140
AVIA_GEN,3,1159
AVIA_GEN,3,588
AVIA_GEN,3,1824
AVIA_GEN,3,860
AVIA_GEN,3,454
AVIA_GEN,3,1958
AVIA_GEN,3,59
AVIA_GEN,3,2775
AVIA_GEN,3,7103
AVIA_GEN,3,8486
AVIA_GEN,3,14533
AVIA_GEN,3,2770
AVIA_GEN,3,421
AVIA_GEN,3,1599
AVIA_GEN,3,229
AVIA_GEN,3,407
AVIA_GEN,3,0
AVIA_GEN,3,2728
AVIA_GEN,3,1008
AVIA_GEN,3,14314
AVIA_GEN,3,470
AVIA_GEN,3,883
AVIA_GEN,3,134
AVIA_GEN,3,120
AVIA_GEN,4,6736
AVIA_GEN,4,378
AVIA_GEN,4,123
AVIA_GEN,4,3035
AVIA_GEN,4,3866
AVIA_GEN,4,172
AVIA_GEN,4,23
AVIA_GEN,4,8327
AVIA_GEN,4,476
AVIA_GEN,4,435
AVIA_GEN,4,5016
AVIA_GEN,4,88
AVIA_GEN,4,1384
AVIA_GEN,4,231
AVIA_GEN,4,779
AVIA_GEN,4,99
AVIA_GEN,4,320
AVIA_GEN,4,4540
AVIA_GEN,4,10939
AVIA_GEN,4,1289
AVIA_GEN,4,23725
AVIA_GEN,4,6391
AVIA_GEN,4,1750
AVIA_GEN,4,40415
AVIA_GEN,4,580
AVIA_GEN,4,1124
AVIA_GEN,4,192
AVIA_GEN,4,1101
AVIA_GEN,4,1035
AVIA_GEN,4,2065
AVIA_GEN,4,993
AVIA_GEN,4,801
AVIA_GEN,4,2375
AVIA_GEN,4,75
AVIA_GEN,4,2981
AVIA_GEN,4,6844
AVIA_GEN,4,9731
AVIA_GEN,4,2
AVIA_GEN,4,15972
AVIA_GEN,4,3165
AVIA_GEN,4,726
AVIA_GEN,4,1603
AVIA_GEN,4,478
AVIA_GEN,4,424
AVIA_GEN,4,0
AVIA_GEN,4,2694
AVIA_GEN,4,1546
AVIA_GEN,4,15529
AVIA_GEN,4,497
AVIA_GEN,4,963
AVIA_GEN,4,157
AVIA_GEN,4,130
AVIA_GEN,5,7140
AVIA_GEN,5,417
AVIA_GEN,5,135
AVIA_GEN,5,3193
AVIA_GEN,5,4584
AVIA_GEN,5,177
AVIA_GEN,5,14
AVIA_GEN,5,9621
AVIA_GEN,5,353
AVIA_GEN,5,533
AVIA_GEN,5,5799
AVIA_GEN,5,97
AVIA_GEN,5,1703
AVIA_GEN,5,254
AVIA_GEN,5,1017
AVIA_GEN,5,104
AVIA_GEN,5,345
AVIA_GEN,5,5307
AVIA_GEN,5,11878
AVIA_GEN,5,1440
AVIA_GEN,5,25849
AVIA_GEN,5,7425
AVIA_GEN,5,1985
AVIA_GEN,5,41811
AVIA_GEN,5,660
AVIA_GEN,5,1228
AVIA_GEN,5,220
AVIA_GEN,5,1254
AVIA_GEN,5,1405
AVIA_GEN,5,2281
AVIA_GEN,5,1053
AVIA_GEN,5,1043
AVIA_GEN,5,2922
AVIA_GEN,5,86
AVIA_GEN,5,3211
AVIA_GEN,5,7344
AVIA_GEN,5,10305
AVIA_GEN,5,18037
AVIA_GEN,5,3992
AVIA_GEN,5,876
AVIA_GEN,5,1820
AVIA_GEN,5,529
AVIA_GEN,5,441
AVIA_GEN,5,0
AVIA_GEN,5,2769
AVIA_GEN,5,1808
AVIA_GEN,5,16970
AVIA_GEN,5,526
AVIA_GEN,5,1157
AVIA_GEN,5,150
AVIA_GEN,5,129
AVIA_GEN,6,6620
AVIA_GEN,6,405
AVIA_GEN,6,118
AVIA_GEN,6,3057
AVIA_GEN,6,4327
AVIA_GEN,6,165
AVIA_GEN,6,43
AVIA_GEN,6,9718
AVIA_GEN,6,363
AVIA_GEN,6,531
AVIA_GEN,6,6042
AVIA_GEN,6,90
AVIA_GEN,6,1730
AVIA_GEN,6,284
AVIA_GEN,6,1082
AVIA_GEN,6,95
AVIA_GEN,6,332
AVIA_GEN,6,5336
AVIA_GEN,6,11563
AVIA_GEN,6,1466
AVIA_GEN,6,26442
AVIA_GEN,6,7595
AVIA_GEN,6,2186
AVIA_GEN,6,41072
AVIA_GEN,6,642
AVIA_GEN,6,1163
AVIA_GEN,6,194
AVIA_GEN,6,1215
AVIA_GEN,6,1318
AVIA_GEN,6,2458
AVIA_GEN,6,1040
AVIA_GEN,6,951
AVIA_GEN,6,3168
AVIA_GEN,6,93
AVIA_GEN,6,3196
AVIA_GEN,6,6831
AVIA_GEN,6,10153
AVIA_GEN,6,2
AVIA_GEN,6,18725
AVIA_GEN,6,4000
AVIA_GEN,6,986
AVIA_GEN,6,1844
AVIA_GEN,6,522
AVIA_GEN,6,386
AVIA_GEN,6,0
AVIA_GEN,6,2877
AVIA_GEN,6,1966
AVIA_GEN,6,16755
AVIA_GEN,6,491
AVIA_GEN,6,1200
AVIA_GEN,6,128
AVIA_GEN,6,120
AVIA_GEN,7,7046
AVIA_GEN,7,486
AVIA_GEN,7,124
AVIA_GEN,7,3274
AVIA_GEN,7,4441
AVIA_GEN,7,180
AVIA_GEN,7,38
AVIA_GEN,7,10267
AVIA_GEN,7,418
AVIA_GEN,7,581
AVIA_GEN,7,6455
AVIA_GEN,7,100
AVIA_GEN,7,1839
AVIA_GEN,7,288
AVIA_GEN,7,1129
AVIA_GEN,7,101
AVIA_GEN,7,289
AVIA_GEN,7,5732
AVIA_GEN,7,12205
AVIA_GEN,7,1542
AVIA_GEN,7,27775
AVIA_GEN,7,7954
AVIA_GEN,7,2299
AVIA_GEN,7,42599
AVIA_GEN,7,744
AVIA_GEN,7,1209
AVIA_GEN,7,211
AVIA_GEN,7,1164
AVIA_GEN,7,1483
AVIA_GEN,7,2580
AVIA_GEN,7,1065
AVIA_GEN,7,1073
AVIA_GEN,7,3382
AVIA_GEN,7,70
AVIA_GEN,7,3332
AVIA_GEN,7,6958
AVIA_GEN,7,10867
AVIA_GEN,7,4
AVIA_GEN,7,19685
AVIA_GEN,7,4187
AVIA_GEN,7,1052
AVIA_GEN,7,1867
AVIA_GEN,7,528
AVIA_GEN,7,421
AVIA_GEN,7,0
AVIA_GEN,7,3088
AVIA_GEN,7,2127
AVIA_GEN,7,17293
AVIA_GEN,7,535
AVIA_GEN,7,1143
AVIA_GEN,7,146
AVIA_GEN,7,130
AVIA_GEN,8,6673
AVIA_GEN,8,585
AVIA_GEN,8,134
AVIA_GEN,8,3206
AVIA_GEN,8,4392
AVIA_GEN,8,176
AVIA_GEN,8,30
AVIA_GEN,8,10346
AVIA_GEN,8,89
AVIA_GEN,8,568
AVIA_GEN,8,6403
AVIA_GEN,8,96
AVIA_GEN,8,1812
AVIA_GEN,8,296
AVIA_GEN,8,1186
AVIA_GEN,8,99
AVIA_GEN,8,252
AVIA_GEN,8,5767
AVIA_GEN,8,12056
AVIA_GEN,8,1533
AVIA_GEN,8,28158
AVIA_GEN,8,7696
AVIA_GEN,8,2304
AVIA_GEN,8,42452
AVIA_GEN,8,703
AVIA_GEN,8,1246
AVIA_GEN,8,219
AVIA_GEN,8,1150
AVIA_GEN,8,1489
AVIA_GEN,8,2598
AVIA_GEN,8,1069
AVIA_GEN,8,1124
AVIA_GEN,8,3403
AVIA_GEN,8,103
AVIA_GEN,8,3300
AVIA_GEN,8,6380
AVIA_GEN,8,10973
AVIA_GEN,8,3
AVIA_GEN,8,20107
AVIA_GEN,8,4112
AVIA_GEN,8,1011
AVIA_GEN,8,1845
AVIA_GEN,8,534
AVIA_GEN,8,404
AVIA_GEN,8,0
AVIA_GEN,8,3156
AVIA_GEN,8,2115
AVIA_GEN,8,17362
AVIA_GEN,8,523
AVIA_GEN,8,1279
AVIA_GEN,8,137
AVIA_GEN,8,110
AVIA_GEN,9,6662
AVIA_GEN,9,419
AVIA_GEN,9,112
AVIA_GEN,9,2925
AVIA_GEN,9,4334
AVIA_GEN,9,156
AVIA_GEN,9,36
AVIA_GEN,9,9463
AVIA_GEN,9,397
AVIA_GEN,9,552
AVIA_GEN,9,6246
AVIA_GEN,9,94
AVIA_GEN,9,1632
AVIA_GEN,9,274
AVIA_GEN,9,1081
AVIA_GEN,9,112
AVIA_GEN,9,314
AVIA_GEN,9,5672
AVIA_GEN,9,11542
AVIA_GEN,9,1360
AVIA_GEN,9,26116
AVIA_GEN,9,7404
AVIA_GEN,9,2144
AVIA_GEN,9,39431
AVIA_GEN,9,605
AVIA_GEN,9,1251
AVIA_GEN,9,194
AVIA_GEN,9,1159
AVIA_GEN,9,1033
AVIA_GEN,9,2322
AVIA_GEN,9,978
AVIA_GEN,9,756
AVIA_GEN,9,3181
AVIA_GEN,9,94
AVIA_GEN,9,3046
AVIA_GEN,9,6914
AVIA_GEN,9,10523
AVIA_GEN,9,1
AVIA_GEN,9,18979
AVIA_GEN,9,4078
AVIA_GEN,9,799
AVIA_GEN,9,1746
AVIA_GEN,9,497
AVIA_GEN,9,347
AVIA_GEN,9,0
AVIA_GEN,9,2840
AVIA_GEN,9,1895
AVIA_GEN,9,16639
AVIA_GEN,9,482
AVIA_GEN,9,1261
AVIA_GEN,9,137
AVIA_GEN,9,118
AVIA_GEN,10,7286
AVIA_GEN,10,359
AVIA_GEN,10,114
AVIA_GEN,10,2905
AVIA_GEN,10,4024
AVIA_GEN,10,185
AVIA_GEN,10,30
AVIA_GEN,10,8832
AVIA_GEN,10,279
AVIA_GEN,10,489
AVIA_GEN,10,5500
AVIA_GEN,10,92
AVIA_GEN,10,1365
AVIA_GEN,10,280
AVIA_GEN,10,829
AVIA_GEN,10,111
AVIA_GEN,10,301
AVIA_GEN,10,5242
AVIA_GEN,10,11395
AVIA_GEN,10,1223
AVIA_GEN,10,24163
AVIA_GEN,10,6903
AVIA_GEN,10,2086
AVIA_GEN,10,41650
AVIA_GEN,10,581
AVIA_GEN,10,1250
AVIA_GEN,10,166
AVIA_GEN,10,1176
AVIA_GEN,10,745
AVIA_GEN,10,2147
AVIA_GEN,10,983
AVIA_GEN,10,617
AVIA_GEN,10,2705
AVIA_GEN,10,111
AVIA_GEN,10,3156
AVIA_GEN,10,7316
AVIA_GEN,10,10243
AVIA_GEN,10,16917
AVIA_GEN,10,3687
AVIA_GEN,10,652
AVIA_GEN,10,1811
AVIA_GEN,10,484
AVIA_GEN,10,394
AVIA_GEN,10,0
AVIA_GEN,10,2670
AVIA_GEN,10,1884
AVIA_GEN,10,16090
AVIA_GEN,10,528
AVIA_GEN,10,1180
AVIA_GEN,10,137
AVIA_GEN,10,126
AVIA_GEN,11,6105
AVIA_GEN,11,328
AVIA_GEN,11,100
AVIA_GEN,11,2562
AVIA_GEN,11,3258
AVIA_GEN,11,166
AVIA_GEN,11,31
AVIA_GEN,11,6901
AVIA_GEN,11,327
AVIA_GEN,11,256
AVIA_GEN,11,3929
AVIA_GEN,11,84
AVIA_GEN,11,1021
AVIA_GEN,11,246
AVIA_GEN,11,395
AVIA_GEN,11,106
AVIA_GEN,11,288
AVIA_GEN,11,3911
AVIA_GEN,11,9343
AVIA_GEN,11,874
AVIA_GEN,11,18217
AVIA_GEN,11,5607
AVIA_GEN,11,1922
AVIA_GEN,11,38150
AVIA_GEN,11,515
AVIA_GEN,11,926
AVIA_GEN,11,118
AVIA_GEN,11,1018
AVIA_GEN,11,356
AVIA_GEN,11,1804
AVIA_GEN,11,824
AVIA_GEN,11,326
AVIA_GEN,11,1793
AVIA_GEN,11,74
AVIA_GEN,11,2208
AVIA_GEN,11,6499
AVIA_GEN,11,7192
AVIA_GEN,11,13238
AVIA_GEN,11,2655
AVIA_GEN,11,477
AVIA_GEN,11,1422
AVIA_GEN,11,208
AVIA_GEN,11,417
AVIA_GEN,11,0
AVIA_GEN,11,2456
AVIA_GEN,11,1474
AVIA_GEN,11,12533
AVIA_GEN,11,499
AVIA_GEN,11,903
AVIA_GEN,11,116
AVIA_GEN,11,96
AVIA_GEN,12,5912
AVIA_GEN,12,335
AVIA_GEN,12,96
AVIA_GEN,12,2501
AVIA_GEN,12,3358
AVIA_GEN,12,164
AVIA_GEN,12,31
AVIA_GEN,12,6870
AVIA_GEN,12,328
AVIA_GEN,12,286
AVIA_GEN,12,4344
AVIA_GEN,12,76
AVIA_GEN,12,982
AVIA_GEN,12,262
AVIA_GEN,12,448
AVIA_GEN,12,99
AVIA_GEN,12,3712
AVIA_GEN,12,9478
AVIA_GEN,12,916
AVIA_GEN,12,20891
AVIA_GEN,12,5483
AVIA_GEN,12,1751
AVIA_GEN,12,38614
AVIA_GEN,12,460
AVIA_GEN,12,941
AVIA_GEN,12,110
AVIA_GEN,12,1031
AVIA_GEN,12,399
AVIA_GEN,12,1727
AVIA_GEN,12,772
AVIA_GEN,12,366
AVIA_GEN,12,1600
AVIA_GEN,12,38
AVIA_GEN,12,2448
AVIA_GEN,12,5970
AVIA_GEN,12,8769
AVIA_GEN,12,13696
AVIA_GEN,12,2534
AVIA_GEN,12,487
AVIA_GEN,12,1296
AVIA_GEN,12,213
AVIA_GEN,12,357
AVIA_GEN,12,0
AVIA_GEN,12,2412
AVIA_GEN,12,1553
AVIA_GEN,12,13339
AVIA_GEN,12,473
AVIA_GEN,12,848
AVIA_GEN,12,250
AVIA_GEN,12,102
AVIA_GEN,12,80
