Profile_ID,wday,N
AVIA_GEN,1,11
AVIA_GEN,1,8
AVIA_GEN,1,
AVIA_GEN,1,4
AVIA_GEN,1,16
AVIA_GEN,1,55
AVIA_GEN,1,57
AVIA_GEN,1,57
AVIA_GEN,1,52
AVIA_GEN,1,49
AVIA_GEN,1,60
AVIA_GEN,1,60
AVIA_GEN,1,56
AVIA_GEN,1,56
AVIA_GEN,1,53
AVIA_GEN,1,57
AVIA_GEN,1,60
AVIA_GEN,1,55
AVIA_GEN,1,54
AVIA_GEN,1,45
AVIA_GEN,1,45
AVIA_GEN,1,41
AVIA_GEN,1,28
AVIA_GEN,1,13
AVIA_GEN,1,4
AVIA_GEN,1,2
AVIA_GEN,1,1
AVIA_GEN,1,2
AVIA_GEN,1,
AVIA_GEN,1,6
AVIA_GEN,1,33
AVIA_GEN,1,49
AVIA_GEN,1,53
AVIA_GEN,1,46
AVIA_GEN,1,44
AVIA_GEN,1,47
AVIA_GEN,1,47
AVIA_GEN,1,47
AVIA_GEN,1,42
AVIA_GEN,1,39
AVIA_GEN,1,44
AVIA_GEN,1,43
AVIA_GEN,1,45
AVIA_GEN,1,46
AVIA_GEN,1,41
AVIA_GEN,1,38
AVIA_GEN,1,28
AVIA_GEN,1,10
AVIA_GEN,1,8
AVIA_GEN,1,3
AVIA_GEN,1,
AVIA_GEN,1,
AVIA_GEN,1,6
AVIA_GEN,1,29
AVIA_GEN,1,46
AVIA_GEN,1,47
AVIA_GEN,1,27
AVIA_GEN,1,14
AVIA_GEN,1,28
AVIA_GEN,1,37
AVIA_GEN,1,41
AVIA_GEN,1,28
AVIA_GEN,1,33
AVIA_GEN,1,40
AVIA_GEN,1,31
AVIA_GEN,1,48
AVIA_GEN,1,43
AVIA_GEN,1,26
AVIA_GEN,1,12
AVIA_GEN,1,27
AVIA_GEN,1,27
AVIA_GEN,1,10
AVIA_GEN,1,2
AVIA_GEN,1,1
AVIA_GEN,1,
AVIA_GEN,1,
AVIA_GEN,1,
AVIA_GEN,1,1
AVIA_GEN,1,23
AVIA_GEN,1,37
AVIA_GEN,1,41
AVIA_GEN,1,25
AVIA_GEN,1,13
AVIA_GEN,1,23
AVIA_GEN,1,35
AVIA_GEN,1,30
AVIA_GEN,1,16
AVIA_GEN,1,20
AVIA_GEN,1,24
AVIA_GEN,1,29
AVIA_GEN,1,31
AVIA_GEN,1,38
AVIA_GEN,1,27
AVIA_GEN,1,8
AVIA_GEN,1,19
AVIA_GEN,1,26
AVIA_GEN,1,3
AVIA_GEN,1,1
AVIA_GEN,1,
AVIA_GEN,1,1
AVIA_GEN,1,2
AVIA_GEN,1,26
AVIA_GEN,1,26
AVIA_GEN,1,25
AVIA_GEN,1,22
AVIA_GEN,1,28
AVIA_GEN,1,21
AVIA_GEN,1,26
AVIA_GEN,1,25
AVIA_GEN,1,27
AVIA_GEN,1,31
AVIA_GEN,1,23
AVIA_GEN,1,26
AVIA_GEN,1,24
AVIA_GEN,1,24
AVIA_GEN,1,19
AVIA_GEN,1,18
AVIA_GEN,1,17
AVIA_GEN,1,12
AVIA_GEN,1,1
AVIA_GEN,1,
AVIA_GEN,1,
AVIA_GEN,1,
AVIA_GEN,1,
AVIA_GEN,1,1
AVIA_GEN,1,2
AVIA_GEN,1,21
AVIA_GEN,1,19
AVIA_GEN,1,23
AVIA_GEN,1,21
AVIA_GEN,1,24
AVIA_GEN,1,22
AVIA_GEN,1,18
AVIA_GEN,1,22
AVIA_GEN,1,19
AVIA_GEN,1,23
AVIA_GEN,1,23
AVIA_GEN,1,24
AVIA_GEN,1,25
AVIA_GEN,1,20
AVIA_GEN,1,16
AVIA_GEN,1,14
AVIA_GEN,1,16
AVIA_GEN,1,5
AVIA_GEN,1,4
AVIA_GEN,1,
AVIA_GEN,1,
AVIA_GEN,1,1
AVIA_GEN,1,1
AVIA_GEN,1,16
AVIA_GEN,1,13
AVIA_GEN,1,10
AVIA_GEN,1,6
AVIA_GEN,1,10
AVIA_GEN,1,6
AVIA_GEN,1,17
AVIA_GEN,1,9
AVIA_GEN,1,11
AVIA_GEN,1,14
AVIA_GEN,1,16
AVIA_GEN,1,20
AVIA_GEN,1,8
AVIA_GEN,1,15
AVIA_GEN,1,9
AVIA_GEN,1,2
AVIA_GEN,1,7
AVIA_GEN,1,9
AVIA_GEN,1,2
AVIA_GEN,1,
AVIA_GEN,1,
AVIA_GEN,1,
AVIA_GEN,1,
AVIA_GEN,1,
AVIA_GEN,1,
AVIA_GEN,1,
AVIA_GEN,1,
AVIA_GEN,1,
AVIA_GEN,1,
AVIA_GEN,1,
AVIA_GEN,1,
AVIA_GEN,1,
AVIA_GEN,1,
AVIA_GEN,1,
AVIA_GEN,1,
AVIA_GEN,1,
AVIA_GEN,1,
AVIA_GEN,1,
AVIA_GEN,1,
AVIA_GEN,1,
AVIA_GEN,1,
AVIA_GEN,1,
AVIA_GEN,1,
AVIA_GEN,1,5
AVIA_GEN,1,1
AVIA_GEN,1,1
AVIA_GEN,1,
AVIA_GEN,1,
AVIA_GEN,1,4
AVIA_GEN,1,15
AVIA_GEN,1,29
AVIA_GEN,1,26
AVIA_GEN,1,12
AVIA_GEN,1,17
AVIA_GEN,1,14
AVIA_GEN,1,15
AVIA_GEN,1,15
AVIA_GEN,1,22
AVIA_GEN,1,13
AVIA_GEN,1,14
AVIA_GEN,1,20
AVIA_GEN,1,16
AVIA_GEN,1,11
AVIA_GEN,1,14
AVIA_GEN,1,26
AVIA_GEN,1,12
AVIA_GEN,1,8
AVIA_GEN,1,5
AVIA_GEN,1,1
AVIA_GEN,1,1
AVIA_GEN,1,
AVIA_GEN,1,
AVIA_GEN,1,4
AVIA_GEN,1,15
AVIA_GEN,1,29
AVIA_GEN,1,26
AVIA_GEN,1,12
AVIA_GEN,1,12
AVIA_GEN,1,14
AVIA_GEN,1,15
AVIA_GEN,1,15
AVIA_GEN,1,22
AVIA_GEN,1,13
AVIA_GEN,1,14
AVIA_GEN,1,20
AVIA_GEN,1,16
AVIA_GEN,1,11
AVIA_GEN,1,14
AVIA_GEN,1,26
AVIA_GEN,1,12
AVIA_GEN,1,8
AVIA_GEN,1,6
AVIA_GEN,1,9
AVIA_GEN,1,2
AVIA_GEN,1,2
AVIA_GEN,1,12
AVIA_GEN,1,38
AVIA_GEN,1,49
AVIA_GEN,1,49
AVIA_GEN,1,34
AVIA_GEN,1,35
AVIA_GEN,1,39
AVIA_GEN,1,32
AVIA_GEN,1,42
AVIA_GEN,1,38
AVIA_GEN,1,42
AVIA_GEN,1,45
AVIA_GEN,1,41
AVIA_GEN,1,41
AVIA_GEN,1,33
AVIA_GEN,1,24
AVIA_GEN,1,23
AVIA_GEN,1,15
AVIA_GEN,1,17
AVIA_GEN,1,12
AVIA_GEN,1,3
AVIA_GEN,1,2
AVIA_GEN,1,
AVIA_GEN,1,
AVIA_GEN,1,
AVIA_GEN,1,4
AVIA_GEN,1,28
AVIA_GEN,1,29
AVIA_GEN,1,45
AVIA_GEN,1,26
AVIA_GEN,1,33
AVIA_GEN,1,30
AVIA_GEN,1,33
AVIA_GEN,1,32
AVIA_GEN,1,19
AVIA_GEN,1,22
AVIA_GEN,1,31
AVIA_GEN,1,34
AVIA_GEN,1,33
AVIA_GEN,1,32
AVIA_GEN,1,26
AVIA_GEN,1,18
AVIA_GEN,1,18
AVIA_GEN,1,6
AVIA_GEN,1,
AVIA_GEN,1,
AVIA_GEN,1,
AVIA_GEN,1,
AVIA_GEN,1,
AVIA_GEN,1,39
AVIA_GEN,1,39
AVIA_GEN,1,39
AVIA_GEN,1,44
AVIA_GEN,1,43
AVIA_GEN,1,40
AVIA_GEN,1,41
AVIA_GEN,1,41
AVIA_GEN,1,40
AVIA_GEN,1,40
AVIA_GEN,1,44
AVIA_GEN,1,42
AVIA_GEN,1,45
AVIA_GEN,1,43
AVIA_GEN,1,38
AVIA_GEN,1,41
AVIA_GEN,1,25
AVIA_GEN,1,
AVIA_GEN,1,
AVIA_GEN,1,
AVIA_GEN,1,
AVIA_GEN,1,
AVIA_GEN,1,
AVIA_GEN,1,
AVIA_GEN,1,
AVIA_GEN,1,38
AVIA_GEN,1,38
AVIA_GEN,1,37
AVIA_GEN,1,44
AVIA_GEN,1,43
AVIA_GEN,1,35
AVIA_GEN,1,41
AVIA_GEN,1,40
AVIA_GEN,1,43
AVIA_GEN,1,39
AVIA_GEN,1,40
AVIA_GEN,1,40
AVIA_GEN,1,40
AVIA_GEN,1,42
AVIA_GEN,1,36
AVIA_GEN,1,37
AVIA_GEN,1,16
AVIA_GEN,1,
AVIA_GEN,1,
AVIA_GEN,1,
AVIA_GEN,1,
AVIA_GEN,1,
AVIA_GEN,1,
AVIA_GEN,1,5
AVIA_GEN,1,26
AVIA_GEN,1,32
AVIA_GEN,1,26
AVIA_GEN,1,14
AVIA_GEN,1,14
AVIA_GEN,1,14
AVIA_GEN,1,13
AVIA_GEN,1,13
AVIA_GEN,1,13
AVIA_GEN,1,14
AVIA_GEN,1,24
AVIA_GEN,1,29
AVIA_GEN,1,30
AVIA_GEN,1,13
AVIA_GEN,1,6
AVIA_GEN,1,
AVIA_GEN,1,
AVIA_GEN,1,
AVIA_GEN,1,
AVIA_GEN,1,
AVIA_GEN,1,
AVIA_GEN,1,
AVIA_GEN,1,
AVIA_GEN,1,
AVIA_GEN,1,5
AVIA_GEN,1,26
AVIA_GEN,1,38
AVIA_GEN,1,24
AVIA_GEN,1,15
AVIA_GEN,1,14
AVIA_GEN,1,11
AVIA_GEN,1,14
AVIA_GEN,1,10
AVIA_GEN,1,21
AVIA_GEN,1,15
AVIA_GEN,1,23
AVIA_GEN,1,34
AVIA_GEN,1,27
AVIA_GEN,1,11
AVIA_GEN,1,4
AVIA_GEN,1,
AVIA_GEN,1,
AVIA_GEN,1,6
AVIA_GEN,1,4
AVIA_GEN,1,2
AVIA_GEN,1,1
AVIA_GEN,1,1
AVIA_GEN,1,20
AVIA_GEN,1,20
AVIA_GEN,1,26
AVIA_GEN,1,11
AVIA_GEN,1,17
AVIA_GEN,1,16
AVIA_GEN,1,14
AVIA_GEN,1,18
AVIA_GEN,1,23
AVIA_GEN,1,27
AVIA_GEN,1,26
AVIA_GEN,1,20
AVIA_GEN,1,20
AVIA_GEN,1,19
AVIA_GEN,1,15
AVIA_GEN,1,18
AVIA_GEN,1,10
AVIA_GEN,1,12
AVIA_GEN,1,6
AVIA_GEN,1,5
AVIA_GEN,1,6
AVIA_GEN,1,5
AVIA_GEN,1,
AVIA_GEN,1,1
AVIA_GEN,1,
AVIA_GEN,1,14
AVIA_GEN,1,23
AVIA_GEN,1,27
AVIA_GEN,1,7
AVIA_GEN,1,14
AVIA_GEN,1,14
AVIA_GEN,1,20
AVIA_GEN,1,19
AVIA_GEN,1,14
AVIA_GEN,1,24
AVIA_GEN,1,20
AVIA_GEN,1,17
AVIA_GEN,1,13
AVIA_GEN,1,13
AVIA_GEN,1,14
AVIA_GEN,1,11
AVIA_GEN,1,12
AVIA_GEN,1,4
AVIA_GEN,2,11
AVIA_GEN,2,3
AVIA_GEN,2,3
AVIA_GEN,2,4
AVIA_GEN,2,18
AVIA_GEN,2,55
AVIA_GEN,2,56
AVIA_GEN,2,57
AVIA_GEN,2,51
AVIA_GEN,2,45
AVIA_GEN,2,60
AVIA_GEN,2,55
AVIA_GEN,2,54
AVIA_GEN,2,54
AVIA_GEN,2,47
AVIA_GEN,2,52
AVIA_GEN,2,59
AVIA_GEN,2,59
AVIA_GEN,2,55
AVIA_GEN,2,40
AVIA_GEN,2,37
AVIA_GEN,2,32
AVIA_GEN,2,29
AVIA_GEN,2,8
AVIA_GEN,2,
AVIA_GEN,2,
AVIA_GEN,2,
AVIA_GEN,2,3
AVIA_GEN,2,
AVIA_GEN,2,3
AVIA_GEN,2,23
AVIA_GEN,2,46
AVIA_GEN,2,51
AVIA_GEN,2,46
AVIA_GEN,2,42
AVIA_GEN,2,39
AVIA_GEN,2,42
AVIA_GEN,2,34
AVIA_GEN,2,37
AVIA_GEN,2,36
AVIA_GEN,2,43
AVIA_GEN,2,40
AVIA_GEN,2,39
AVIA_GEN,2,43
AVIA_GEN,2,33
AVIA_GEN,2,36
AVIA_GEN,2,26
AVIA_GEN,2,7
AVIA_GEN,2,6
AVIA_GEN,2,5
AVIA_GEN,2,3
AVIA_GEN,2,3
AVIA_GEN,2,7
AVIA_GEN,2,29
AVIA_GEN,2,41
AVIA_GEN,2,46
AVIA_GEN,2,26
AVIA_GEN,2,11
AVIA_GEN,2,26
AVIA_GEN,2,39
AVIA_GEN,2,35
AVIA_GEN,2,19
AVIA_GEN,2,34
AVIA_GEN,2,41
AVIA_GEN,2,31
AVIA_GEN,2,45
AVIA_GEN,2,44
AVIA_GEN,2,22
AVIA_GEN,2,10
AVIA_GEN,2,23
AVIA_GEN,2,29
AVIA_GEN,2,14
AVIA_GEN,2,4
AVIA_GEN,2,2
AVIA_GEN,2,2
AVIA_GEN,2,4
AVIA_GEN,2,3
AVIA_GEN,2,1
AVIA_GEN,2,19
AVIA_GEN,2,29
AVIA_GEN,2,35
AVIA_GEN,2,17
AVIA_GEN,2,11
AVIA_GEN,2,17
AVIA_GEN,2,27
AVIA_GEN,2,22
AVIA_GEN,2,17
AVIA_GEN,2,12
AVIA_GEN,2,19
AVIA_GEN,2,22
AVIA_GEN,2,29
AVIA_GEN,2,30
AVIA_GEN,2,25
AVIA_GEN,2,12
AVIA_GEN,2,11
AVIA_GEN,2,23
AVIA_GEN,2,4
AVIA_GEN,2,5
AVIA_GEN,2,
AVIA_GEN,2,
AVIA_GEN,2,3
AVIA_GEN,2,25
AVIA_GEN,2,23
AVIA_GEN,2,25
AVIA_GEN,2,25
AVIA_GEN,2,26
AVIA_GEN,2,17
AVIA_GEN,2,22
AVIA_GEN,2,20
AVIA_GEN,2,27
AVIA_GEN,2,32
AVIA_GEN,2,22
AVIA_GEN,2,22
AVIA_GEN,2,26
AVIA_GEN,2,26
AVIA_GEN,2,18
AVIA_GEN,2,20
AVIA_GEN,2,15
AVIA_GEN,2,7
AVIA_GEN,2,4
AVIA_GEN,2,1
AVIA_GEN,2,3
AVIA_GEN,2,3
AVIA_GEN,2,
AVIA_GEN,2,
AVIA_GEN,2,4
AVIA_GEN,2,18
AVIA_GEN,2,16
AVIA_GEN,2,19
AVIA_GEN,2,17
AVIA_GEN,2,19
AVIA_GEN,2,16
AVIA_GEN,2,15
AVIA_GEN,2,12
AVIA_GEN,2,16
AVIA_GEN,2,17
AVIA_GEN,2,23
AVIA_GEN,2,14
AVIA_GEN,2,24
AVIA_GEN,2,28
AVIA_GEN,2,15
AVIA_GEN,2,11
AVIA_GEN,2,17
AVIA_GEN,2,2
AVIA_GEN,2,6
AVIA_GEN,2,3
AVIA_GEN,2,1
AVIA_GEN,2,1
AVIA_GEN,2,
AVIA_GEN,2,15
AVIA_GEN,2,15
AVIA_GEN,2,8
AVIA_GEN,2,5
AVIA_GEN,2,9
AVIA_GEN,2,5
AVIA_GEN,2,16
AVIA_GEN,2,14
AVIA_GEN,2,7
AVIA_GEN,2,7
AVIA_GEN,2,14
AVIA_GEN,2,18
AVIA_GEN,2,12
AVIA_GEN,2,17
AVIA_GEN,2,6
AVIA_GEN,2,2
AVIA_GEN,2,9
AVIA_GEN,2,11
AVIA_GEN,2,3
AVIA_GEN,2,
AVIA_GEN,2,
AVIA_GEN,2,
AVIA_GEN,2,
AVIA_GEN,2,
AVIA_GEN,2,
AVIA_GEN,2,
AVIA_GEN,2,
AVIA_GEN,2,
AVIA_GEN,2,
AVIA_GEN,2,
AVIA_GEN,2,
AVIA_GEN,2,
AVIA_GEN,2,
AVIA_GEN,2,
AVIA_GEN,2,
AVIA_GEN,2,
AVIA_GEN,2,
AVIA_GEN,2,
AVIA_GEN,2,
AVIA_GEN,2,
AVIA_GEN,2,
AVIA_GEN,2,
AVIA_GEN,2,
AVIA_GEN,2,3
AVIA_GEN,2,3
AVIA_GEN,2,1
AVIA_GEN,2,1
AVIA_GEN,2,2
AVIA_GEN,2,2
AVIA_GEN,2,13
AVIA_GEN,2,28
AVIA_GEN,2,27
AVIA_GEN,2,12
AVIA_GEN,2,8
AVIA_GEN,2,11
AVIA_GEN,2,20
AVIA_GEN,2,14
AVIA_GEN,2,18
AVIA_GEN,2,16
AVIA_GEN,2,12
AVIA_GEN,2,18
AVIA_GEN,2,16
AVIA_GEN,2,8
AVIA_GEN,2,17
AVIA_GEN,2,21
AVIA_GEN,2,10
AVIA_GEN,2,4
AVIA_GEN,2,3
AVIA_GEN,2,3
AVIA_GEN,2,1
AVIA_GEN,2,1
AVIA_GEN,2,2
AVIA_GEN,2,2
AVIA_GEN,2,13
AVIA_GEN,2,28
AVIA_GEN,2,27
AVIA_GEN,2,12
AVIA_GEN,2,8
AVIA_GEN,2,11
AVIA_GEN,2,20
AVIA_GEN,2,14
AVIA_GEN,2,18
AVIA_GEN,2,16
AVIA_GEN,2,12
AVIA_GEN,2,18
AVIA_GEN,2,16
AVIA_GEN,2,8
AVIA_GEN,2,17
AVIA_GEN,2,21
AVIA_GEN,2,10
AVIA_GEN,2,4
AVIA_GEN,2,8
AVIA_GEN,2,8
AVIA_GEN,2,5
AVIA_GEN,2,1
AVIA_GEN,2,13
AVIA_GEN,2,43
AVIA_GEN,2,46
AVIA_GEN,2,43
AVIA_GEN,2,28
AVIA_GEN,2,33
AVIA_GEN,2,28
AVIA_GEN,2,43
AVIA_GEN,2,40
AVIA_GEN,2,38
AVIA_GEN,2,46
AVIA_GEN,2,36
AVIA_GEN,2,41
AVIA_GEN,2,36
AVIA_GEN,2,28
AVIA_GEN,2,18
AVIA_GEN,2,19
AVIA_GEN,2,15
AVIA_GEN,2,19
AVIA_GEN,2,8
AVIA_GEN,2,2
AVIA_GEN,2,
AVIA_GEN,2,
AVIA_GEN,2,
AVIA_GEN,2,
AVIA_GEN,2,4
AVIA_GEN,2,25
AVIA_GEN,2,30
AVIA_GEN,2,38
AVIA_GEN,2,25
AVIA_GEN,2,30
AVIA_GEN,2,27
AVIA_GEN,2,22
AVIA_GEN,2,23
AVIA_GEN,2,20
AVIA_GEN,2,18
AVIA_GEN,2,24
AVIA_GEN,2,32
AVIA_GEN,2,26
AVIA_GEN,2,23
AVIA_GEN,2,22
AVIA_GEN,2,16
AVIA_GEN,2,12
AVIA_GEN,2,4
AVIA_GEN,2,
AVIA_GEN,2,
AVIA_GEN,2,
AVIA_GEN,2,
AVIA_GEN,2,
AVIA_GEN,2,39
AVIA_GEN,2,39
AVIA_GEN,2,39
AVIA_GEN,2,44
AVIA_GEN,2,43
AVIA_GEN,2,39
AVIA_GEN,2,40
AVIA_GEN,2,41
AVIA_GEN,2,40
AVIA_GEN,2,40
AVIA_GEN,2,44
AVIA_GEN,2,42
AVIA_GEN,2,45
AVIA_GEN,2,43
AVIA_GEN,2,37
AVIA_GEN,2,42
AVIA_GEN,2,25
AVIA_GEN,2,
AVIA_GEN,2,
AVIA_GEN,2,
AVIA_GEN,2,
AVIA_GEN,2,
AVIA_GEN,2,
AVIA_GEN,2,
AVIA_GEN,2,
AVIA_GEN,2,38
AVIA_GEN,2,38
AVIA_GEN,2,37
AVIA_GEN,2,44
AVIA_GEN,2,42
AVIA_GEN,2,35
AVIA_GEN,2,41
AVIA_GEN,2,41
AVIA_GEN,2,42
AVIA_GEN,2,38
AVIA_GEN,2,40
AVIA_GEN,2,39
AVIA_GEN,2,40
AVIA_GEN,2,43
AVIA_GEN,2,38
AVIA_GEN,2,36
AVIA_GEN,2,17
AVIA_GEN,2,
AVIA_GEN,2,
AVIA_GEN,2,
AVIA_GEN,2,
AVIA_GEN,2,
AVIA_GEN,2,
AVIA_GEN,2,5
AVIA_GEN,2,26
AVIA_GEN,2,32
AVIA_GEN,2,26
AVIA_GEN,2,13
AVIA_GEN,2,14
AVIA_GEN,2,13
AVIA_GEN,2,13
AVIA_GEN,2,15
AVIA_GEN,2,12
AVIA_GEN,2,14
AVIA_GEN,2,25
AVIA_GEN,2,29
AVIA_GEN,2,30
AVIA_GEN,2,13
AVIA_GEN,2,6
AVIA_GEN,2,
AVIA_GEN,2,
AVIA_GEN,2,
AVIA_GEN,2,
AVIA_GEN,2,
AVIA_GEN,2,
AVIA_GEN,2,
AVIA_GEN,2,
AVIA_GEN,2,
AVIA_GEN,2,5
AVIA_GEN,2,26
AVIA_GEN,2,38
AVIA_GEN,2,24
AVIA_GEN,2,15
AVIA_GEN,2,12
AVIA_GEN,2,8
AVIA_GEN,2,13
AVIA_GEN,2,12
AVIA_GEN,2,20
AVIA_GEN,2,14
AVIA_GEN,2,23
AVIA_GEN,2,34
AVIA_GEN,2,28
AVIA_GEN,2,14
AVIA_GEN,2,4
AVIA_GEN,2,
AVIA_GEN,2,
AVIA_GEN,2,5
AVIA_GEN,2,5
AVIA_GEN,2,1
AVIA_GEN,2,1
AVIA_GEN,2,3
AVIA_GEN,2,21
AVIA_GEN,2,18
AVIA_GEN,2,27
AVIA_GEN,2,17
AVIA_GEN,2,18
AVIA_GEN,2,15
AVIA_GEN,2,12
AVIA_GEN,2,26
AVIA_GEN,2,21
AVIA_GEN,2,27
AVIA_GEN,2,23
AVIA_GEN,2,18
AVIA_GEN,2,23
AVIA_GEN,2,18
AVIA_GEN,2,12
AVIA_GEN,2,23
AVIA_GEN,2,8
AVIA_GEN,2,8
AVIA_GEN,2,10
AVIA_GEN,2,3
AVIA_GEN,2,6
AVIA_GEN,2,2
AVIA_GEN,2,2
AVIA_GEN,2,3
AVIA_GEN,2,1
AVIA_GEN,2,15
AVIA_GEN,2,15
AVIA_GEN,2,27
AVIA_GEN,2,9
AVIA_GEN,2,16
AVIA_GEN,2,15
AVIA_GEN,2,22
AVIA_GEN,2,17
AVIA_GEN,2,13
AVIA_GEN,2,20
AVIA_GEN,2,16
AVIA_GEN,2,16
AVIA_GEN,2,19
AVIA_GEN,2,16
AVIA_GEN,2,12
AVIA_GEN,2,14
AVIA_GEN,2,15
AVIA_GEN,2,3
AVIA_GEN,3,15
AVIA_GEN,3,3
AVIA_GEN,3,1
AVIA_GEN,3,5
AVIA_GEN,3,17
AVIA_GEN,3,55
AVIA_GEN,3,55
AVIA_GEN,3,56
AVIA_GEN,3,50
AVIA_GEN,3,48
AVIA_GEN,3,59
AVIA_GEN,3,57
AVIA_GEN,3,57
AVIA_GEN,3,52
AVIA_GEN,3,51
AVIA_GEN,3,54
AVIA_GEN,3,55
AVIA_GEN,3,56
AVIA_GEN,3,56
AVIA_GEN,3,45
AVIA_GEN,3,39
AVIA_GEN,3,36
AVIA_GEN,3,32
AVIA_GEN,3,17
AVIA_GEN,3,
AVIA_GEN,3,
AVIA_GEN,3,
AVIA_GEN,3,3
AVIA_GEN,3,
AVIA_GEN,3,6
AVIA_GEN,3,31
AVIA_GEN,3,48
AVIA_GEN,3,52
AVIA_GEN,3,45
AVIA_GEN,3,37
AVIA_GEN,3,36
AVIA_GEN,3,46
AVIA_GEN,3,35
AVIA_GEN,3,35
AVIA_GEN,3,38
AVIA_GEN,3,45
AVIA_GEN,3,43
AVIA_GEN,3,35
AVIA_GEN,3,42
AVIA_GEN,3,37
AVIA_GEN,3,39
AVIA_GEN,3,20
AVIA_GEN,3,7
AVIA_GEN,3,4
AVIA_GEN,3,6
AVIA_GEN,3,4
AVIA_GEN,3,3
AVIA_GEN,3,6
AVIA_GEN,3,28
AVIA_GEN,3,47
AVIA_GEN,3,43
AVIA_GEN,3,28
AVIA_GEN,3,15
AVIA_GEN,3,30
AVIA_GEN,3,41
AVIA_GEN,3,39
AVIA_GEN,3,24
AVIA_GEN,3,34
AVIA_GEN,3,44
AVIA_GEN,3,33
AVIA_GEN,3,43
AVIA_GEN,3,39
AVIA_GEN,3,30
AVIA_GEN,3,14
AVIA_GEN,3,23
AVIA_GEN,3,27
AVIA_GEN,3,8
AVIA_GEN,3,4
AVIA_GEN,3,2
AVIA_GEN,3,2
AVIA_GEN,3,4
AVIA_GEN,3,3
AVIA_GEN,3,2
AVIA_GEN,3,19
AVIA_GEN,3,28
AVIA_GEN,3,34
AVIA_GEN,3,21
AVIA_GEN,3,10
AVIA_GEN,3,17
AVIA_GEN,3,24
AVIA_GEN,3,23
AVIA_GEN,3,16
AVIA_GEN,3,14
AVIA_GEN,3,14
AVIA_GEN,3,19
AVIA_GEN,3,30
AVIA_GEN,3,36
AVIA_GEN,3,27
AVIA_GEN,3,13
AVIA_GEN,3,12
AVIA_GEN,3,21
AVIA_GEN,3,5
AVIA_GEN,3,5
AVIA_GEN,3,
AVIA_GEN,3,
AVIA_GEN,3,3
AVIA_GEN,3,24
AVIA_GEN,3,24
AVIA_GEN,3,24
AVIA_GEN,3,20
AVIA_GEN,3,25
AVIA_GEN,3,18
AVIA_GEN,3,21
AVIA_GEN,3,25
AVIA_GEN,3,26
AVIA_GEN,3,29
AVIA_GEN,3,18
AVIA_GEN,3,23
AVIA_GEN,3,26
AVIA_GEN,3,23
AVIA_GEN,3,19
AVIA_GEN,3,16
AVIA_GEN,3,16
AVIA_GEN,3,12
AVIA_GEN,3,1
AVIA_GEN,3,
AVIA_GEN,3,2
AVIA_GEN,3,3
AVIA_GEN,3,
AVIA_GEN,3,
AVIA_GEN,3,4
AVIA_GEN,3,18
AVIA_GEN,3,14
AVIA_GEN,3,17
AVIA_GEN,3,21
AVIA_GEN,3,24
AVIA_GEN,3,12
AVIA_GEN,3,12
AVIA_GEN,3,13
AVIA_GEN,3,13
AVIA_GEN,3,19
AVIA_GEN,3,21
AVIA_GEN,3,15
AVIA_GEN,3,24
AVIA_GEN,3,23
AVIA_GEN,3,14
AVIA_GEN,3,13
AVIA_GEN,3,16
AVIA_GEN,3,4
AVIA_GEN,3,4
AVIA_GEN,3,
AVIA_GEN,3,1
AVIA_GEN,3,1
AVIA_GEN,3,
AVIA_GEN,3,15
AVIA_GEN,3,14
AVIA_GEN,3,13
AVIA_GEN,3,7
AVIA_GEN,3,10
AVIA_GEN,3,3
AVIA_GEN,3,13
AVIA_GEN,3,10
AVIA_GEN,3,8
AVIA_GEN,3,17
AVIA_GEN,3,14
AVIA_GEN,3,15
AVIA_GEN,3,10
AVIA_GEN,3,14
AVIA_GEN,3,4
AVIA_GEN,3,2
AVIA_GEN,3,5
AVIA_GEN,3,9
AVIA_GEN,3,6
AVIA_GEN,3,
AVIA_GEN,3,
AVIA_GEN,3,
AVIA_GEN,3,
AVIA_GEN,3,
AVIA_GEN,3,
AVIA_GEN,3,
AVIA_GEN,3,
AVIA_GEN,3,
AVIA_GEN,3,
AVIA_GEN,3,
AVIA_GEN,3,
AVIA_GEN,3,
AVIA_GEN,3,
AVIA_GEN,3,
AVIA_GEN,3,
AVIA_GEN,3,
AVIA_GEN,3,
AVIA_GEN,3,
AVIA_GEN,3,
AVIA_GEN,3,
AVIA_GEN,3,
AVIA_GEN,3,
AVIA_GEN,3,
AVIA_GEN,3,1
AVIA_GEN,3,4
AVIA_GEN,3,1
AVIA_GEN,3,
AVIA_GEN,3,
AVIA_GEN,3,2
AVIA_GEN,3,12
AVIA_GEN,3,26
AVIA_GEN,3,28
AVIA_GEN,3,9
AVIA_GEN,3,141
AVIA_GEN,3,12
AVIA_GEN,3,16
AVIA_GEN,3,19
AVIA_GEN,3,17
AVIA_GEN,3,15
AVIA_GEN,3,19
AVIA_GEN,3,23
AVIA_GEN,3,20
AVIA_GEN,3,10
AVIA_GEN,3,13
AVIA_GEN,3,26
AVIA_GEN,3,14
AVIA_GEN,3,8
AVIA_GEN,3,1
AVIA_GEN,3,4
AVIA_GEN,3,1
AVIA_GEN,3,
AVIA_GEN,3,
AVIA_GEN,3,2
AVIA_GEN,3,12
AVIA_GEN,3,26
AVIA_GEN,3,28
AVIA_GEN,3,9
AVIA_GEN,3,11
AVIA_GEN,3,12
AVIA_GEN,3,16
AVIA_GEN,3,19
AVIA_GEN,3,17
AVIA_GEN,3,15
AVIA_GEN,3,19
AVIA_GEN,3,23
AVIA_GEN,3,20
AVIA_GEN,3,10
AVIA_GEN,3,13
AVIA_GEN,3,26
AVIA_GEN,3,14
AVIA_GEN,3,8
AVIA_GEN,3,10
AVIA_GEN,3,10
AVIA_GEN,3,3
AVIA_GEN,3,3
AVIA_GEN,3,4
AVIA_GEN,3,38
AVIA_GEN,3,49
AVIA_GEN,3,45
AVIA_GEN,3,33
AVIA_GEN,3,38
AVIA_GEN,3,30
AVIA_GEN,3,40
AVIA_GEN,3,40
AVIA_GEN,3,31
AVIA_GEN,3,42
AVIA_GEN,3,47
AVIA_GEN,3,38
AVIA_GEN,3,38
AVIA_GEN,3,34
AVIA_GEN,3,25
AVIA_GEN,3,19
AVIA_GEN,3,15
AVIA_GEN,3,14
AVIA_GEN,3,7
AVIA_GEN,3,1
AVIA_GEN,3,
AVIA_GEN,3,
AVIA_GEN,3,
AVIA_GEN,3,
AVIA_GEN,3,3
AVIA_GEN,3,24
AVIA_GEN,3,25
AVIA_GEN,3,32
AVIA_GEN,3,25
AVIA_GEN,3,30
AVIA_GEN,3,22
AVIA_GEN,3,28
AVIA_GEN,3,21
AVIA_GEN,3,21
AVIA_GEN,3,14
AVIA_GEN,3,22
AVIA_GEN,3,32
AVIA_GEN,3,26
AVIA_GEN,3,29
AVIA_GEN,3,19
AVIA_GEN,3,18
AVIA_GEN,3,13
AVIA_GEN,3,4
AVIA_GEN,3,
AVIA_GEN,3,
AVIA_GEN,3,
AVIA_GEN,3,
AVIA_GEN,3,
AVIA_GEN,3,39
AVIA_GEN,3,39
AVIA_GEN,3,39
AVIA_GEN,3,44
AVIA_GEN,3,43
AVIA_GEN,3,40
AVIA_GEN,3,41
AVIA_GEN,3,41
AVIA_GEN,3,38
AVIA_GEN,3,40
AVIA_GEN,3,44
AVIA_GEN,3,41
AVIA_GEN,3,45
AVIA_GEN,3,42
AVIA_GEN,3,38
AVIA_GEN,3,42
AVIA_GEN,3,25
AVIA_GEN,3,
AVIA_GEN,3,
AVIA_GEN,3,
AVIA_GEN,3,
AVIA_GEN,3,
AVIA_GEN,3,
AVIA_GEN,3,
AVIA_GEN,3,
AVIA_GEN,3,38
AVIA_GEN,3,38
AVIA_GEN,3,37
AVIA_GEN,3,44
AVIA_GEN,3,43
AVIA_GEN,3,35
AVIA_GEN,3,41
AVIA_GEN,3,40
AVIA_GEN,3,41
AVIA_GEN,3,39
AVIA_GEN,3,41
AVIA_GEN,3,40
AVIA_GEN,3,39
AVIA_GEN,3,41
AVIA_GEN,3,36
AVIA_GEN,3,38
AVIA_GEN,3,16
AVIA_GEN,3,
AVIA_GEN,3,
AVIA_GEN,3,
AVIA_GEN,3,
AVIA_GEN,3,
AVIA_GEN,3,
AVIA_GEN,3,5
AVIA_GEN,3,26
AVIA_GEN,3,32
AVIA_GEN,3,26
AVIA_GEN,3,13
AVIA_GEN,3,14
AVIA_GEN,3,11
AVIA_GEN,3,13
AVIA_GEN,3,15
AVIA_GEN,3,14
AVIA_GEN,3,14
AVIA_GEN,3,25
AVIA_GEN,3,29
AVIA_GEN,3,30
AVIA_GEN,3,13
AVIA_GEN,3,6
AVIA_GEN,3,
AVIA_GEN,3,
AVIA_GEN,3,
AVIA_GEN,3,
AVIA_GEN,3,
AVIA_GEN,3,
AVIA_GEN,3,
AVIA_GEN,3,
AVIA_GEN,3,
AVIA_GEN,3,5
AVIA_GEN,3,26
AVIA_GEN,3,38
AVIA_GEN,3,22
AVIA_GEN,3,15
AVIA_GEN,3,12
AVIA_GEN,3,9
AVIA_GEN,3,14
AVIA_GEN,3,12
AVIA_GEN,3,21
AVIA_GEN,3,15
AVIA_GEN,3,23
AVIA_GEN,3,34
AVIA_GEN,3,28
AVIA_GEN,3,14
AVIA_GEN,3,4
AVIA_GEN,3,
AVIA_GEN,3,
AVIA_GEN,3,6
AVIA_GEN,3,1
AVIA_GEN,3,2
AVIA_GEN,3,3
AVIA_GEN,3,4
AVIA_GEN,3,21
AVIA_GEN,3,18
AVIA_GEN,3,28
AVIA_GEN,3,13
AVIA_GEN,3,13
AVIA_GEN,3,14
AVIA_GEN,3,16
AVIA_GEN,3,22
AVIA_GEN,3,24
AVIA_GEN,3,23
AVIA_GEN,3,27
AVIA_GEN,3,16
AVIA_GEN,3,20
AVIA_GEN,3,13
AVIA_GEN,3,13
AVIA_GEN,3,17
AVIA_GEN,3,11
AVIA_GEN,3,7
AVIA_GEN,3,10
AVIA_GEN,3,5
AVIA_GEN,3,3
AVIA_GEN,3,4
AVIA_GEN,3,
AVIA_GEN,3,3
AVIA_GEN,3,2
AVIA_GEN,3,13
AVIA_GEN,3,16
AVIA_GEN,3,27
AVIA_GEN,3,9
AVIA_GEN,3,18
AVIA_GEN,3,11
AVIA_GEN,3,14
AVIA_GEN,3,17
AVIA_GEN,3,16
AVIA_GEN,3,16
AVIA_GEN,3,14
AVIA_GEN,3,16
AVIA_GEN,3,21
AVIA_GEN,3,16
AVIA_GEN,3,16
AVIA_GEN,3,11
AVIA_GEN,3,12
AVIA_GEN,3,3
AVIA_GEN,4,8
AVIA_GEN,4,4
AVIA_GEN,4,1
AVIA_GEN,4,4
AVIA_GEN,4,16
AVIA_GEN,4,53
AVIA_GEN,4,58
AVIA_GEN,4,57
AVIA_GEN,4,53
AVIA_GEN,4,53
AVIA_GEN,4,58
AVIA_GEN,4,58
AVIA_GEN,4,59
AVIA_GEN,4,52
AVIA_GEN,4,52
AVIA_GEN,4,55
AVIA_GEN,4,62
AVIA_GEN,4,59
AVIA_GEN,4,56
AVIA_GEN,4,46
AVIA_GEN,4,37
AVIA_GEN,4,35
AVIA_GEN,4,26
AVIA_GEN,4,11
AVIA_GEN,4,
AVIA_GEN,4,
AVIA_GEN,4,1
AVIA_GEN,4,2
AVIA_GEN,4,
AVIA_GEN,4,2
AVIA_GEN,4,37
AVIA_GEN,4,49
AVIA_GEN,4,53
AVIA_GEN,4,46
AVIA_GEN,4,43
AVIA_GEN,4,47
AVIA_GEN,4,45
AVIA_GEN,4,43
AVIA_GEN,4,44
AVIA_GEN,4,40
AVIA_GEN,4,43
AVIA_GEN,4,46
AVIA_GEN,4,45
AVIA_GEN,4,47
AVIA_GEN,4,44
AVIA_GEN,4,37
AVIA_GEN,4,26
AVIA_GEN,4,14
AVIA_GEN,4,10
AVIA_GEN,4,2
AVIA_GEN,4,3
AVIA_GEN,4,3
AVIA_GEN,4,6
AVIA_GEN,4,30
AVIA_GEN,4,42
AVIA_GEN,4,45
AVIA_GEN,4,27
AVIA_GEN,4,9
AVIA_GEN,4,26
AVIA_GEN,4,41
AVIA_GEN,4,44
AVIA_GEN,4,27
AVIA_GEN,4,23
AVIA_GEN,4,42
AVIA_GEN,4,35
AVIA_GEN,4,49
AVIA_GEN,4,47
AVIA_GEN,4,23
AVIA_GEN,4,11
AVIA_GEN,4,28
AVIA_GEN,4,29
AVIA_GEN,4,11
AVIA_GEN,4,5
AVIA_GEN,4,2
AVIA_GEN,4,2
AVIA_GEN,4,4
AVIA_GEN,4,3
AVIA_GEN,4,1
AVIA_GEN,4,25
AVIA_GEN,4,33
AVIA_GEN,4,37
AVIA_GEN,4,16
AVIA_GEN,4,10
AVIA_GEN,4,22
AVIA_GEN,4,30
AVIA_GEN,4,26
AVIA_GEN,4,19
AVIA_GEN,4,19
AVIA_GEN,4,25
AVIA_GEN,4,29
AVIA_GEN,4,36
AVIA_GEN,4,34
AVIA_GEN,4,27
AVIA_GEN,4,14
AVIA_GEN,4,10
AVIA_GEN,4,25
AVIA_GEN,4,7
AVIA_GEN,4,5
AVIA_GEN,4,
AVIA_GEN,4,
AVIA_GEN,4,3
AVIA_GEN,4,26
AVIA_GEN,4,23
AVIA_GEN,4,28
AVIA_GEN,4,19
AVIA_GEN,4,25
AVIA_GEN,4,18
AVIA_GEN,4,21
AVIA_GEN,4,23
AVIA_GEN,4,28
AVIA_GEN,4,35
AVIA_GEN,4,24
AVIA_GEN,4,28
AVIA_GEN,4,28
AVIA_GEN,4,25
AVIA_GEN,4,24
AVIA_GEN,4,19
AVIA_GEN,4,20
AVIA_GEN,4,11
AVIA_GEN,4,2
AVIA_GEN,4,
AVIA_GEN,4,2
AVIA_GEN,4,3
AVIA_GEN,4,
AVIA_GEN,4,
AVIA_GEN,4,4
AVIA_GEN,4,18
AVIA_GEN,4,17
AVIA_GEN,4,21
AVIA_GEN,4,22
AVIA_GEN,4,20
AVIA_GEN,4,20
AVIA_GEN,4,17
AVIA_GEN,4,18
AVIA_GEN,4,21
AVIA_GEN,4,27
AVIA_GEN,4,23
AVIA_GEN,4,19
AVIA_GEN,4,25
AVIA_GEN,4,31
AVIA_GEN,4,18
AVIA_GEN,4,17
AVIA_GEN,4,18
AVIA_GEN,4,5
AVIA_GEN,4,4
AVIA_GEN,4,3
AVIA_GEN,4,
AVIA_GEN,4,
AVIA_GEN,4,2
AVIA_GEN,4,15
AVIA_GEN,4,13
AVIA_GEN,4,7
AVIA_GEN,4,5
AVIA_GEN,4,8
AVIA_GEN,4,5
AVIA_GEN,4,19
AVIA_GEN,4,16
AVIA_GEN,4,10
AVIA_GEN,4,12
AVIA_GEN,4,16
AVIA_GEN,4,16
AVIA_GEN,4,11
AVIA_GEN,4,16
AVIA_GEN,4,5
AVIA_GEN,4,2
AVIA_GEN,4,10
AVIA_GEN,4,9
AVIA_GEN,4,4
AVIA_GEN,4,
AVIA_GEN,4,
AVIA_GEN,4,
AVIA_GEN,4,
AVIA_GEN,4,
AVIA_GEN,4,
AVIA_GEN,4,
AVIA_GEN,4,
AVIA_GEN,4,
AVIA_GEN,4,
AVIA_GEN,4,
AVIA_GEN,4,
AVIA_GEN,4,
AVIA_GEN,4,
AVIA_GEN,4,
AVIA_GEN,4,
AVIA_GEN,4,
AVIA_GEN,4,
AVIA_GEN,4,
AVIA_GEN,4,
AVIA_GEN,4,
AVIA_GEN,4,
AVIA_GEN,4,
AVIA_GEN,4,
AVIA_GEN,4,3
AVIA_GEN,4,3
AVIA_GEN,4,2
AVIA_GEN,4,1
AVIA_GEN,4,2
AVIA_GEN,4,2
AVIA_GEN,4,16
AVIA_GEN,4,26
AVIA_GEN,4,27
AVIA_GEN,4,10
AVIA_GEN,4,11
AVIA_GEN,4,9
AVIA_GEN,4,17
AVIA_GEN,4,18
AVIA_GEN,4,20
AVIA_GEN,4,15
AVIA_GEN,4,21
AVIA_GEN,4,21
AVIA_GEN,4,16
AVIA_GEN,4,9
AVIA_GEN,4,17
AVIA_GEN,4,24
AVIA_GEN,4,16
AVIA_GEN,4,7
AVIA_GEN,4,3
AVIA_GEN,4,3
AVIA_GEN,4,2
AVIA_GEN,4,1
AVIA_GEN,4,2
AVIA_GEN,4,2
AVIA_GEN,4,16
AVIA_GEN,4,26
AVIA_GEN,4,27
AVIA_GEN,4,10
AVIA_GEN,4,11
AVIA_GEN,4,9
AVIA_GEN,4,17
AVIA_GEN,4,18
AVIA_GEN,4,20
AVIA_GEN,4,15
AVIA_GEN,4,21
AVIA_GEN,4,21
AVIA_GEN,4,16
AVIA_GEN,4,9
AVIA_GEN,4,17
AVIA_GEN,4,24
AVIA_GEN,4,16
AVIA_GEN,4,7
AVIA_GEN,4,9
AVIA_GEN,4,11
AVIA_GEN,4,3
AVIA_GEN,4,3
AVIA_GEN,4,9
AVIA_GEN,4,36
AVIA_GEN,4,49
AVIA_GEN,4,54
AVIA_GEN,4,33
AVIA_GEN,4,33
AVIA_GEN,4,27
AVIA_GEN,4,38
AVIA_GEN,4,41
AVIA_GEN,4,38
AVIA_GEN,4,42
AVIA_GEN,4,38
AVIA_GEN,4,46
AVIA_GEN,4,40
AVIA_GEN,4,28
AVIA_GEN,4,24
AVIA_GEN,4,21
AVIA_GEN,4,18
AVIA_GEN,4,19
AVIA_GEN,4,10
AVIA_GEN,4,1
AVIA_GEN,4,
AVIA_GEN,4,
AVIA_GEN,4,
AVIA_GEN,4,
AVIA_GEN,4,4
AVIA_GEN,4,23
AVIA_GEN,4,35
AVIA_GEN,4,38
AVIA_GEN,4,26
AVIA_GEN,4,27
AVIA_GEN,4,23
AVIA_GEN,4,26
AVIA_GEN,4,27
AVIA_GEN,4,28
AVIA_GEN,4,22
AVIA_GEN,4,30
AVIA_GEN,4,33
AVIA_GEN,4,27
AVIA_GEN,4,28
AVIA_GEN,4,25
AVIA_GEN,4,19
AVIA_GEN,4,14
AVIA_GEN,4,4
AVIA_GEN,4,
AVIA_GEN,4,
AVIA_GEN,4,
AVIA_GEN,4,
AVIA_GEN,4,
AVIA_GEN,4,39
AVIA_GEN,4,39
AVIA_GEN,4,39
AVIA_GEN,4,44
AVIA_GEN,4,43
AVIA_GEN,4,39
AVIA_GEN,4,41
AVIA_GEN,4,41
AVIA_GEN,4,39
AVIA_GEN,4,40
AVIA_GEN,4,44
AVIA_GEN,4,42
AVIA_GEN,4,45
AVIA_GEN,4,43
AVIA_GEN,4,39
AVIA_GEN,4,42
AVIA_GEN,4,25
AVIA_GEN,4,
AVIA_GEN,4,
AVIA_GEN,4,
AVIA_GEN,4,
AVIA_GEN,4,
AVIA_GEN,4,
AVIA_GEN,4,
AVIA_GEN,4,
AVIA_GEN,4,38
AVIA_GEN,4,38
AVIA_GEN,4,37
AVIA_GEN,4,44
AVIA_GEN,4,42
AVIA_GEN,4,35
AVIA_GEN,4,41
AVIA_GEN,4,40
AVIA_GEN,4,43
AVIA_GEN,4,39
AVIA_GEN,4,39
AVIA_GEN,4,38
AVIA_GEN,4,41
AVIA_GEN,4,43
AVIA_GEN,4,38
AVIA_GEN,4,38
AVIA_GEN,4,16
AVIA_GEN,4,
AVIA_GEN,4,
AVIA_GEN,4,
AVIA_GEN,4,
AVIA_GEN,4,
AVIA_GEN,4,
AVIA_GEN,4,5
AVIA_GEN,4,26
AVIA_GEN,4,32
AVIA_GEN,4,24
AVIA_GEN,4,13
AVIA_GEN,4,14
AVIA_GEN,4,10
AVIA_GEN,4,12
AVIA_GEN,4,16
AVIA_GEN,4,15
AVIA_GEN,4,14
AVIA_GEN,4,25
AVIA_GEN,4,29
AVIA_GEN,4,30
AVIA_GEN,4,13
AVIA_GEN,4,6
AVIA_GEN,4,
AVIA_GEN,4,
AVIA_GEN,4,
AVIA_GEN,4,
AVIA_GEN,4,
AVIA_GEN,4,
AVIA_GEN,4,
AVIA_GEN,4,
AVIA_GEN,4,
AVIA_GEN,4,5
AVIA_GEN,4,26
AVIA_GEN,4,38
AVIA_GEN,4,21
AVIA_GEN,4,14
AVIA_GEN,4,14
AVIA_GEN,4,11
AVIA_GEN,4,14
AVIA_GEN,4,12
AVIA_GEN,4,20
AVIA_GEN,4,16
AVIA_GEN,4,23
AVIA_GEN,4,34
AVIA_GEN,4,28
AVIA_GEN,4,14
AVIA_GEN,4,4
AVIA_GEN,4,
AVIA_GEN,4,
AVIA_GEN,4,7
AVIA_GEN,4,2
AVIA_GEN,4,1
AVIA_GEN,4,1
AVIA_GEN,4,4
AVIA_GEN,4,21
AVIA_GEN,4,17
AVIA_GEN,4,29
AVIA_GEN,4,10
AVIA_GEN,4,18
AVIA_GEN,4,14
AVIA_GEN,4,17
AVIA_GEN,4,24
AVIA_GEN,4,22
AVIA_GEN,4,31
AVIA_GEN,4,29
AVIA_GEN,4,16
AVIA_GEN,4,21
AVIA_GEN,4,20
AVIA_GEN,4,13
AVIA_GEN,4,19
AVIA_GEN,4,9
AVIA_GEN,4,7
AVIA_GEN,4,9
AVIA_GEN,4,4
AVIA_GEN,4,5
AVIA_GEN,4,2
AVIA_GEN,4,
AVIA_GEN,4,3
AVIA_GEN,4,3
AVIA_GEN,4,11
AVIA_GEN,4,15
AVIA_GEN,4,26
AVIA_GEN,4,7
AVIA_GEN,4,13
AVIA_GEN,4,15
AVIA_GEN,4,18
AVIA_GEN,4,15
AVIA_GEN,4,18
AVIA_GEN,4,20
AVIA_GEN,4,15
AVIA_GEN,4,19
AVIA_GEN,4,20
AVIA_GEN,4,17
AVIA_GEN,4,11
AVIA_GEN,4,10
AVIA_GEN,4,15
AVIA_GEN,4,4
AVIA_GEN,5,13
AVIA_GEN,5,11
AVIA_GEN,5,2
AVIA_GEN,5,3
AVIA_GEN,5,18
AVIA_GEN,5,54
AVIA_GEN,5,56
AVIA_GEN,5,61
AVIA_GEN,5,48
AVIA_GEN,5,50
AVIA_GEN,5,57
AVIA_GEN,5,59
AVIA_GEN,5,59
AVIA_GEN,5,52
AVIA_GEN,5,48
AVIA_GEN,5,57
AVIA_GEN,5,55
AVIA_GEN,5,60
AVIA_GEN,5,57
AVIA_GEN,5,46
AVIA_GEN,5,43
AVIA_GEN,5,39
AVIA_GEN,5,32
AVIA_GEN,5,12
AVIA_GEN,5,
AVIA_GEN,5,1
AVIA_GEN,5,
AVIA_GEN,5,2
AVIA_GEN,5,
AVIA_GEN,5,5
AVIA_GEN,5,34
AVIA_GEN,5,49
AVIA_GEN,5,52
AVIA_GEN,5,47
AVIA_GEN,5,46
AVIA_GEN,5,49
AVIA_GEN,5,47
AVIA_GEN,5,46
AVIA_GEN,5,44
AVIA_GEN,5,39
AVIA_GEN,5,45
AVIA_GEN,5,45
AVIA_GEN,5,48
AVIA_GEN,5,48
AVIA_GEN,5,41
AVIA_GEN,5,36
AVIA_GEN,5,28
AVIA_GEN,5,13
AVIA_GEN,5,6
AVIA_GEN,5,4
AVIA_GEN,5,4
AVIA_GEN,5,4
AVIA_GEN,5,9
AVIA_GEN,5,30
AVIA_GEN,5,44
AVIA_GEN,5,45
AVIA_GEN,5,22
AVIA_GEN,5,14
AVIA_GEN,5,32
AVIA_GEN,5,38
AVIA_GEN,5,38
AVIA_GEN,5,31
AVIA_GEN,5,34
AVIA_GEN,5,43
AVIA_GEN,5,39
AVIA_GEN,5,38
AVIA_GEN,5,45
AVIA_GEN,5,21
AVIA_GEN,5,13
AVIA_GEN,5,26
AVIA_GEN,5,30
AVIA_GEN,5,9
AVIA_GEN,5,5
AVIA_GEN,5,2
AVIA_GEN,5,2
AVIA_GEN,5,4
AVIA_GEN,5,3
AVIA_GEN,5,4
AVIA_GEN,5,26
AVIA_GEN,5,34
AVIA_GEN,5,36
AVIA_GEN,5,23
AVIA_GEN,5,15
AVIA_GEN,5,23
AVIA_GEN,5,35
AVIA_GEN,5,33
AVIA_GEN,5,25
AVIA_GEN,5,28
AVIA_GEN,5,23
AVIA_GEN,5,30
AVIA_GEN,5,30
AVIA_GEN,5,39
AVIA_GEN,5,24
AVIA_GEN,5,11
AVIA_GEN,5,25
AVIA_GEN,5,27
AVIA_GEN,5,4
AVIA_GEN,5,4
AVIA_GEN,5,
AVIA_GEN,5,1
AVIA_GEN,5,5
AVIA_GEN,5,26
AVIA_GEN,5,19
AVIA_GEN,5,25
AVIA_GEN,5,23
AVIA_GEN,5,29
AVIA_GEN,5,20
AVIA_GEN,5,26
AVIA_GEN,5,28
AVIA_GEN,5,28
AVIA_GEN,5,28
AVIA_GEN,5,20
AVIA_GEN,5,26
AVIA_GEN,5,34
AVIA_GEN,5,20
AVIA_GEN,5,24
AVIA_GEN,5,20
AVIA_GEN,5,20
AVIA_GEN,5,9
AVIA_GEN,5,2
AVIA_GEN,5,
AVIA_GEN,5,2
AVIA_GEN,5,3
AVIA_GEN,5,
AVIA_GEN,5,
AVIA_GEN,5,4
AVIA_GEN,5,21
AVIA_GEN,5,17
AVIA_GEN,5,23
AVIA_GEN,5,19
AVIA_GEN,5,23
AVIA_GEN,5,25
AVIA_GEN,5,25
AVIA_GEN,5,23
AVIA_GEN,5,20
AVIA_GEN,5,17
AVIA_GEN,5,24
AVIA_GEN,5,28
AVIA_GEN,5,32
AVIA_GEN,5,29
AVIA_GEN,5,21
AVIA_GEN,5,17
AVIA_GEN,5,17
AVIA_GEN,5,7
AVIA_GEN,5,7
AVIA_GEN,5,
AVIA_GEN,5,
AVIA_GEN,5,
AVIA_GEN,5,1
AVIA_GEN,5,12
AVIA_GEN,5,17
AVIA_GEN,5,5
AVIA_GEN,5,6
AVIA_GEN,5,11
AVIA_GEN,5,5
AVIA_GEN,5,24
AVIA_GEN,5,13
AVIA_GEN,5,10
AVIA_GEN,5,13
AVIA_GEN,5,16
AVIA_GEN,5,18
AVIA_GEN,5,12
AVIA_GEN,5,13
AVIA_GEN,5,6
AVIA_GEN,5,1
AVIA_GEN,5,12
AVIA_GEN,5,8
AVIA_GEN,5,3
AVIA_GEN,5,
AVIA_GEN,5,
AVIA_GEN,5,
AVIA_GEN,5,
AVIA_GEN,5,
AVIA_GEN,5,
AVIA_GEN,5,
AVIA_GEN,5,
AVIA_GEN,5,
AVIA_GEN,5,
AVIA_GEN,5,
AVIA_GEN,5,
AVIA_GEN,5,
AVIA_GEN,5,
AVIA_GEN,5,
AVIA_GEN,5,
AVIA_GEN,5,
AVIA_GEN,5,
AVIA_GEN,5,
AVIA_GEN,5,
AVIA_GEN,5,
AVIA_GEN,5,
AVIA_GEN,5,
AVIA_GEN,5,
AVIA_GEN,5,2
AVIA_GEN,5,5
AVIA_GEN,5,2
AVIA_GEN,5,1
AVIA_GEN,5,2
AVIA_GEN,5,2
AVIA_GEN,5,17
AVIA_GEN,5,27
AVIA_GEN,5,25
AVIA_GEN,5,18
AVIA_GEN,5,14
AVIA_GEN,5,8
AVIA_GEN,5,11
AVIA_GEN,5,21
AVIA_GEN,5,20
AVIA_GEN,5,11
AVIA_GEN,5,25
AVIA_GEN,5,22
AVIA_GEN,5,15
AVIA_GEN,5,10
AVIA_GEN,5,17
AVIA_GEN,5,24
AVIA_GEN,5,14
AVIA_GEN,5,9
AVIA_GEN,5,2
AVIA_GEN,5,5
AVIA_GEN,5,2
AVIA_GEN,5,1
AVIA_GEN,5,2
AVIA_GEN,5,2
AVIA_GEN,5,17
AVIA_GEN,5,27
AVIA_GEN,5,25
AVIA_GEN,5,18
AVIA_GEN,5,14
AVIA_GEN,5,8
AVIA_GEN,5,11
AVIA_GEN,5,21
AVIA_GEN,5,20
AVIA_GEN,5,11
AVIA_GEN,5,25
AVIA_GEN,5,22
AVIA_GEN,5,15
AVIA_GEN,5,10
AVIA_GEN,5,17
AVIA_GEN,5,24
AVIA_GEN,5,14
AVIA_GEN,5,9
AVIA_GEN,5,8
AVIA_GEN,5,3
AVIA_GEN,5,6
AVIA_GEN,5,5
AVIA_GEN,5,10
AVIA_GEN,5,37
AVIA_GEN,5,53
AVIA_GEN,5,49
AVIA_GEN,5,34
AVIA_GEN,5,33
AVIA_GEN,5,32
AVIA_GEN,5,31
AVIA_GEN,5,44
AVIA_GEN,5,36
AVIA_GEN,5,47
AVIA_GEN,5,44
AVIA_GEN,5,40
AVIA_GEN,5,43
AVIA_GEN,5,35
AVIA_GEN,5,29
AVIA_GEN,5,21
AVIA_GEN,5,17
AVIA_GEN,5,21
AVIA_GEN,5,9
AVIA_GEN,5,3
AVIA_GEN,5,
AVIA_GEN,5,
AVIA_GEN,5,
AVIA_GEN,5,
AVIA_GEN,5,3
AVIA_GEN,5,28
AVIA_GEN,5,31
AVIA_GEN,5,42
AVIA_GEN,5,24
AVIA_GEN,5,33
AVIA_GEN,5,30
AVIA_GEN,5,36
AVIA_GEN,5,27
AVIA_GEN,5,26
AVIA_GEN,5,24
AVIA_GEN,5,36
AVIA_GEN,5,34
AVIA_GEN,5,31
AVIA_GEN,5,35
AVIA_GEN,5,27
AVIA_GEN,5,23
AVIA_GEN,5,16
AVIA_GEN,5,7
AVIA_GEN,5,
AVIA_GEN,5,
AVIA_GEN,5,
AVIA_GEN,5,
AVIA_GEN,5,
AVIA_GEN,5,39
AVIA_GEN,5,39
AVIA_GEN,5,39
AVIA_GEN,5,44
AVIA_GEN,5,43
AVIA_GEN,5,40
AVIA_GEN,5,41
AVIA_GEN,5,41
AVIA_GEN,5,38
AVIA_GEN,5,40
AVIA_GEN,5,44
AVIA_GEN,5,42
AVIA_GEN,5,45
AVIA_GEN,5,43
AVIA_GEN,5,39
AVIA_GEN,5,42
AVIA_GEN,5,25
AVIA_GEN,5,
AVIA_GEN,5,
AVIA_GEN,5,
AVIA_GEN,5,
AVIA_GEN,5,
AVIA_GEN,5,
AVIA_GEN,5,
AVIA_GEN,5,
AVIA_GEN,5,38
AVIA_GEN,5,38
AVIA_GEN,5,37
AVIA_GEN,5,44
AVIA_GEN,5,43
AVIA_GEN,5,35
AVIA_GEN,5,41
AVIA_GEN,5,41
AVIA_GEN,5,43
AVIA_GEN,5,38
AVIA_GEN,5,41
AVIA_GEN,5,41
AVIA_GEN,5,41
AVIA_GEN,5,43
AVIA_GEN,5,38
AVIA_GEN,5,38
AVIA_GEN,5,16
AVIA_GEN,5,
AVIA_GEN,5,
AVIA_GEN,5,
AVIA_GEN,5,
AVIA_GEN,5,
AVIA_GEN,5,
AVIA_GEN,5,6
AVIA_GEN,5,25
AVIA_GEN,5,31
AVIA_GEN,5,20
AVIA_GEN,5,9
AVIA_GEN,5,11
AVIA_GEN,5,17
AVIA_GEN,5,13
AVIA_GEN,5,15
AVIA_GEN,5,16
AVIA_GEN,5,14
AVIA_GEN,5,24
AVIA_GEN,5,29
AVIA_GEN,5,31
AVIA_GEN,5,11
AVIA_GEN,5,7
AVIA_GEN,5,
AVIA_GEN,5,
AVIA_GEN,5,
AVIA_GEN,5,
AVIA_GEN,5,
AVIA_GEN,5,
AVIA_GEN,5,
AVIA_GEN,5,
AVIA_GEN,5,
AVIA_GEN,5,6
AVIA_GEN,5,20
AVIA_GEN,5,33
AVIA_GEN,5,21
AVIA_GEN,5,12
AVIA_GEN,5,9
AVIA_GEN,5,18
AVIA_GEN,5,13
AVIA_GEN,5,12
AVIA_GEN,5,20
AVIA_GEN,5,14
AVIA_GEN,5,22
AVIA_GEN,5,34
AVIA_GEN,5,28
AVIA_GEN,5,14
AVIA_GEN,5,4
AVIA_GEN,5,
AVIA_GEN,5,
AVIA_GEN,5,7
AVIA_GEN,5,2
AVIA_GEN,5,2
AVIA_GEN,5,1
AVIA_GEN,5,3
AVIA_GEN,5,19
AVIA_GEN,5,18
AVIA_GEN,5,25
AVIA_GEN,5,13
AVIA_GEN,5,14
AVIA_GEN,5,15
AVIA_GEN,5,15
AVIA_GEN,5,22
AVIA_GEN,5,27
AVIA_GEN,5,27
AVIA_GEN,5,28
AVIA_GEN,5,20
AVIA_GEN,5,25
AVIA_GEN,5,18
AVIA_GEN,5,12
AVIA_GEN,5,16
AVIA_GEN,5,11
AVIA_GEN,5,9
AVIA_GEN,5,7
AVIA_GEN,5,5
AVIA_GEN,5,6
AVIA_GEN,5,2
AVIA_GEN,5,
AVIA_GEN,5,4
AVIA_GEN,5,
AVIA_GEN,5,18
AVIA_GEN,5,14
AVIA_GEN,5,22
AVIA_GEN,5,13
AVIA_GEN,5,15
AVIA_GEN,5,12
AVIA_GEN,5,16
AVIA_GEN,5,21
AVIA_GEN,5,20
AVIA_GEN,5,24
AVIA_GEN,5,20
AVIA_GEN,5,16
AVIA_GEN,5,17
AVIA_GEN,5,14
AVIA_GEN,5,11
AVIA_GEN,5,11
AVIA_GEN,5,15
AVIA_GEN,5,4
AVIA_GEN,6,7
AVIA_GEN,6,8
AVIA_GEN,6,6
AVIA_GEN,6,4
AVIA_GEN,6,16
AVIA_GEN,6,52
AVIA_GEN,6,56
AVIA_GEN,6,60
AVIA_GEN,6,51
AVIA_GEN,6,53
AVIA_GEN,6,60
AVIA_GEN,6,58
AVIA_GEN,6,59
AVIA_GEN,6,54
AVIA_GEN,6,55
AVIA_GEN,6,49
AVIA_GEN,6,51
AVIA_GEN,6,40
AVIA_GEN,6,45
AVIA_GEN,6,39
AVIA_GEN,6,32
AVIA_GEN,6,36
AVIA_GEN,6,33
AVIA_GEN,6,23
AVIA_GEN,6,1
AVIA_GEN,6,
AVIA_GEN,6,
AVIA_GEN,6,2
AVIA_GEN,6,
AVIA_GEN,6,19
AVIA_GEN,6,44
AVIA_GEN,6,47
AVIA_GEN,6,55
AVIA_GEN,6,48
AVIA_GEN,6,49
AVIA_GEN,6,52
AVIA_GEN,6,48
AVIA_GEN,6,48
AVIA_GEN,6,48
AVIA_GEN,6,44
AVIA_GEN,6,42
AVIA_GEN,6,40
AVIA_GEN,6,37
AVIA_GEN,6,38
AVIA_GEN,6,29
AVIA_GEN,6,34
AVIA_GEN,6,21
AVIA_GEN,6,13
AVIA_GEN,6,7
AVIA_GEN,6,6
AVIA_GEN,6,
AVIA_GEN,6,
AVIA_GEN,6,2
AVIA_GEN,6,29
AVIA_GEN,6,42
AVIA_GEN,6,46
AVIA_GEN,6,26
AVIA_GEN,6,12
AVIA_GEN,6,31
AVIA_GEN,6,43
AVIA_GEN,6,36
AVIA_GEN,6,22
AVIA_GEN,6,29
AVIA_GEN,6,43
AVIA_GEN,6,30
AVIA_GEN,6,45
AVIA_GEN,6,33
AVIA_GEN,6,15
AVIA_GEN,6,5
AVIA_GEN,6,22
AVIA_GEN,6,25
AVIA_GEN,6,10
AVIA_GEN,6,6
AVIA_GEN,6,2
AVIA_GEN,6,
AVIA_GEN,6,1
AVIA_GEN,6,
AVIA_GEN,6,1
AVIA_GEN,6,26
AVIA_GEN,6,36
AVIA_GEN,6,37
AVIA_GEN,6,24
AVIA_GEN,6,12
AVIA_GEN,6,30
AVIA_GEN,6,35
AVIA_GEN,6,37
AVIA_GEN,6,17
AVIA_GEN,6,16
AVIA_GEN,6,30
AVIA_GEN,6,39
AVIA_GEN,6,32
AVIA_GEN,6,27
AVIA_GEN,6,18
AVIA_GEN,6,13
AVIA_GEN,6,15
AVIA_GEN,6,25
AVIA_GEN,6,4
AVIA_GEN,6,4
AVIA_GEN,6,
AVIA_GEN,6,1
AVIA_GEN,6,3
AVIA_GEN,6,25
AVIA_GEN,6,23
AVIA_GEN,6,23
AVIA_GEN,6,26
AVIA_GEN,6,24
AVIA_GEN,6,17
AVIA_GEN,6,20
AVIA_GEN,6,14
AVIA_GEN,6,26
AVIA_GEN,6,21
AVIA_GEN,6,16
AVIA_GEN,6,17
AVIA_GEN,6,10
AVIA_GEN,6,5
AVIA_GEN,6,8
AVIA_GEN,6,8
AVIA_GEN,6,5
AVIA_GEN,6,9
AVIA_GEN,6,2
AVIA_GEN,6,
AVIA_GEN,6,3
AVIA_GEN,6,3
AVIA_GEN,6,
AVIA_GEN,6,
AVIA_GEN,6,4
AVIA_GEN,6,20
AVIA_GEN,6,14
AVIA_GEN,6,13
AVIA_GEN,6,20
AVIA_GEN,6,15
AVIA_GEN,6,22
AVIA_GEN,6,19
AVIA_GEN,6,20
AVIA_GEN,6,18
AVIA_GEN,6,12
AVIA_GEN,6,16
AVIA_GEN,6,11
AVIA_GEN,6,8
AVIA_GEN,6,13
AVIA_GEN,6,12
AVIA_GEN,6,7
AVIA_GEN,6,11
AVIA_GEN,6,5
AVIA_GEN,6,3
AVIA_GEN,6,
AVIA_GEN,6,
AVIA_GEN,6,3
AVIA_GEN,6,1
AVIA_GEN,6,16
AVIA_GEN,6,14
AVIA_GEN,6,11
AVIA_GEN,6,5
AVIA_GEN,6,7
AVIA_GEN,6,7
AVIA_GEN,6,19
AVIA_GEN,6,14
AVIA_GEN,6,5
AVIA_GEN,6,12
AVIA_GEN,6,11
AVIA_GEN,6,12
AVIA_GEN,6,12
AVIA_GEN,6,11
AVIA_GEN,6,4
AVIA_GEN,6,5
AVIA_GEN,6,3
AVIA_GEN,6,10
AVIA_GEN,6,6
AVIA_GEN,6,
AVIA_GEN,6,
AVIA_GEN,6,
AVIA_GEN,6,
AVIA_GEN,6,
AVIA_GEN,6,
AVIA_GEN,6,
AVIA_GEN,6,
AVIA_GEN,6,
AVIA_GEN,6,
AVIA_GEN,6,
AVIA_GEN,6,
AVIA_GEN,6,
AVIA_GEN,6,
AVIA_GEN,6,
AVIA_GEN,6,
AVIA_GEN,6,
AVIA_GEN,6,
AVIA_GEN,6,
AVIA_GEN,6,
AVIA_GEN,6,
AVIA_GEN,6,
AVIA_GEN,6,
AVIA_GEN,6,
AVIA_GEN,6,2
AVIA_GEN,6,3
AVIA_GEN,6,
AVIA_GEN,6,1
AVIA_GEN,6,2
AVIA_GEN,6,4
AVIA_GEN,6,17
AVIA_GEN,6,29
AVIA_GEN,6,24
AVIA_GEN,6,11
AVIA_GEN,6,13
AVIA_GEN,6,11
AVIA_GEN,6,22
AVIA_GEN,6,18
AVIA_GEN,6,20
AVIA_GEN,6,19
AVIA_GEN,6,17
AVIA_GEN,6,15
AVIA_GEN,6,11
AVIA_GEN,6,12
AVIA_GEN,6,13
AVIA_GEN,6,19
AVIA_GEN,6,10
AVIA_GEN,6,5
AVIA_GEN,6,2
AVIA_GEN,6,3
AVIA_GEN,6,
AVIA_GEN,6,1
AVIA_GEN,6,2
AVIA_GEN,6,4
AVIA_GEN,6,17
AVIA_GEN,6,29
AVIA_GEN,6,24
AVIA_GEN,6,11
AVIA_GEN,6,13
AVIA_GEN,6,11
AVIA_GEN,6,22
AVIA_GEN,6,18
AVIA_GEN,6,20
AVIA_GEN,6,19
AVIA_GEN,6,17
AVIA_GEN,6,15
AVIA_GEN,6,11
AVIA_GEN,6,12
AVIA_GEN,6,13
AVIA_GEN,6,19
AVIA_GEN,6,10
AVIA_GEN,6,5
AVIA_GEN,6,7
AVIA_GEN,6,9
AVIA_GEN,6,3
AVIA_GEN,6,3
AVIA_GEN,6,14
AVIA_GEN,6,36
AVIA_GEN,6,45
AVIA_GEN,6,46
AVIA_GEN,6,31
AVIA_GEN,6,41
AVIA_GEN,6,34
AVIA_GEN,6,35
AVIA_GEN,6,39
AVIA_GEN,6,40
AVIA_GEN,6,43
AVIA_GEN,6,33
AVIA_GEN,6,33
AVIA_GEN,6,26
AVIA_GEN,6,18
AVIA_GEN,6,11
AVIA_GEN,6,14
AVIA_GEN,6,16
AVIA_GEN,6,17
AVIA_GEN,6,15
AVIA_GEN,6,1
AVIA_GEN,6,
AVIA_GEN,6,
AVIA_GEN,6,
AVIA_GEN,6,1
AVIA_GEN,6,2
AVIA_GEN,6,32
AVIA_GEN,6,33
AVIA_GEN,6,31
AVIA_GEN,6,23
AVIA_GEN,6,28
AVIA_GEN,6,35
AVIA_GEN,6,36
AVIA_GEN,6,29
AVIA_GEN,6,26
AVIA_GEN,6,20
AVIA_GEN,6,17
AVIA_GEN,6,22
AVIA_GEN,6,15
AVIA_GEN,6,17
AVIA_GEN,6,18
AVIA_GEN,6,11
AVIA_GEN,6,12
AVIA_GEN,6,8
AVIA_GEN,6,
AVIA_GEN,6,
AVIA_GEN,6,
AVIA_GEN,6,
AVIA_GEN,6,
AVIA_GEN,6,39
AVIA_GEN,6,39
AVIA_GEN,6,39
AVIA_GEN,6,44
AVIA_GEN,6,42
AVIA_GEN,6,40
AVIA_GEN,6,40
AVIA_GEN,6,40
AVIA_GEN,6,40
AVIA_GEN,6,37
AVIA_GEN,6,39
AVIA_GEN,6,35
AVIA_GEN,6,34
AVIA_GEN,6,39
AVIA_GEN,6,32
AVIA_GEN,6,37
AVIA_GEN,6,22
AVIA_GEN,6,
AVIA_GEN,6,
AVIA_GEN,6,
AVIA_GEN,6,
AVIA_GEN,6,
AVIA_GEN,6,
AVIA_GEN,6,
AVIA_GEN,6,
AVIA_GEN,6,38
AVIA_GEN,6,38
AVIA_GEN,6,37
AVIA_GEN,6,44
AVIA_GEN,6,43
AVIA_GEN,6,35
AVIA_GEN,6,40
AVIA_GEN,6,40
AVIA_GEN,6,43
AVIA_GEN,6,35
AVIA_GEN,6,40
AVIA_GEN,6,36
AVIA_GEN,6,34
AVIA_GEN,6,33
AVIA_GEN,6,20
AVIA_GEN,6,22
AVIA_GEN,6,9
AVIA_GEN,6,
AVIA_GEN,6,
AVIA_GEN,6,
AVIA_GEN,6,
AVIA_GEN,6,
AVIA_GEN,6,
AVIA_GEN,6,3
AVIA_GEN,6,13
AVIA_GEN,6,18
AVIA_GEN,6,15
AVIA_GEN,6,3
AVIA_GEN,6,13
AVIA_GEN,6,9
AVIA_GEN,6,
AVIA_GEN,6,
AVIA_GEN,6,
AVIA_GEN,6,
AVIA_GEN,6,
AVIA_GEN,6,
AVIA_GEN,6,
AVIA_GEN,6,
AVIA_GEN,6,
AVIA_GEN,6,
AVIA_GEN,6,
AVIA_GEN,6,
AVIA_GEN,6,
AVIA_GEN,6,
AVIA_GEN,6,
AVIA_GEN,6,
AVIA_GEN,6,
AVIA_GEN,6,
AVIA_GEN,6,4
AVIA_GEN,6,14
AVIA_GEN,6,15
AVIA_GEN,6,12
AVIA_GEN,6,7
AVIA_GEN,6,12
AVIA_GEN,6,9
AVIA_GEN,6,
AVIA_GEN,6,
AVIA_GEN,6,
AVIA_GEN,6,
AVIA_GEN,6,
AVIA_GEN,6,
AVIA_GEN,6,
AVIA_GEN,6,
AVIA_GEN,6,
AVIA_GEN,6,
AVIA_GEN,6,
AVIA_GEN,6,6
AVIA_GEN,6,3
AVIA_GEN,6,2
AVIA_GEN,6,
AVIA_GEN,6,3
AVIA_GEN,6,21
AVIA_GEN,6,19
AVIA_GEN,6,32
AVIA_GEN,6,10
AVIA_GEN,6,13
AVIA_GEN,6,14
AVIA_GEN,6,24
AVIA_GEN,6,19
AVIA_GEN,6,20
AVIA_GEN,6,16
AVIA_GEN,6,21
AVIA_GEN,6,16
AVIA_GEN,6,11
AVIA_GEN,6,15
AVIA_GEN,6,8
AVIA_GEN,6,8
AVIA_GEN,6,7
AVIA_GEN,6,12
AVIA_GEN,6,5
AVIA_GEN,6,6
AVIA_GEN,6,2
AVIA_GEN,6,2
AVIA_GEN,6,1
AVIA_GEN,6,
AVIA_GEN,6,1
AVIA_GEN,6,19
AVIA_GEN,6,18
AVIA_GEN,6,22
AVIA_GEN,6,6
AVIA_GEN,6,10
AVIA_GEN,6,17
AVIA_GEN,6,15
AVIA_GEN,6,19
AVIA_GEN,6,15
AVIA_GEN,6,15
AVIA_GEN,6,11
AVIA_GEN,6,9
AVIA_GEN,6,10
AVIA_GEN,6,14
AVIA_GEN,6,
AVIA_GEN,6,3
AVIA_GEN,6,8
AVIA_GEN,6,6
AVIA_GEN,7,15
AVIA_GEN,7,6
AVIA_GEN,7,3
AVIA_GEN,7,7
AVIA_GEN,7,18
AVIA_GEN,7,51
AVIA_GEN,7,54
AVIA_GEN,7,56
AVIA_GEN,7,46
AVIA_GEN,7,48
AVIA_GEN,7,62
AVIA_GEN,7,56
AVIA_GEN,7,58
AVIA_GEN,7,52
AVIA_GEN,7,53
AVIA_GEN,7,56
AVIA_GEN,7,65
AVIA_GEN,7,59
AVIA_GEN,7,55
AVIA_GEN,7,44
AVIA_GEN,7,40
AVIA_GEN,7,36
AVIA_GEN,7,32
AVIA_GEN,7,17
AVIA_GEN,7,1
AVIA_GEN,7,
AVIA_GEN,7,
AVIA_GEN,7,2
AVIA_GEN,7,2
AVIA_GEN,7,11
AVIA_GEN,7,37
AVIA_GEN,7,48
AVIA_GEN,7,49
AVIA_GEN,7,42
AVIA_GEN,7,42
AVIA_GEN,7,48
AVIA_GEN,7,50
AVIA_GEN,7,51
AVIA_GEN,7,48
AVIA_GEN,7,44
AVIA_GEN,7,44
AVIA_GEN,7,50
AVIA_GEN,7,51
AVIA_GEN,7,46
AVIA_GEN,7,46
AVIA_GEN,7,38
AVIA_GEN,7,32
AVIA_GEN,7,18
AVIA_GEN,7,8
AVIA_GEN,7,5
AVIA_GEN,7,1
AVIA_GEN,7,1
AVIA_GEN,7,9
AVIA_GEN,7,29
AVIA_GEN,7,40
AVIA_GEN,7,37
AVIA_GEN,7,18
AVIA_GEN,7,14
AVIA_GEN,7,29
AVIA_GEN,7,38
AVIA_GEN,7,45
AVIA_GEN,7,35
AVIA_GEN,7,29
AVIA_GEN,7,41
AVIA_GEN,7,38
AVIA_GEN,7,43
AVIA_GEN,7,44
AVIA_GEN,7,20
AVIA_GEN,7,15
AVIA_GEN,7,23
AVIA_GEN,7,25
AVIA_GEN,7,8
AVIA_GEN,7,3
AVIA_GEN,7,3
AVIA_GEN,7,
AVIA_GEN,7,1
AVIA_GEN,7,
AVIA_GEN,7,2
AVIA_GEN,7,20
AVIA_GEN,7,31
AVIA_GEN,7,35
AVIA_GEN,7,24
AVIA_GEN,7,18
AVIA_GEN,7,26
AVIA_GEN,7,38
AVIA_GEN,7,27
AVIA_GEN,7,26
AVIA_GEN,7,26
AVIA_GEN,7,28
AVIA_GEN,7,35
AVIA_GEN,7,36
AVIA_GEN,7,37
AVIA_GEN,7,25
AVIA_GEN,7,16
AVIA_GEN,7,25
AVIA_GEN,7,24
AVIA_GEN,7,5
AVIA_GEN,7,1
AVIA_GEN,7,1
AVIA_GEN,7,
AVIA_GEN,7,
AVIA_GEN,7,17
AVIA_GEN,7,20
AVIA_GEN,7,12
AVIA_GEN,7,10
AVIA_GEN,7,14
AVIA_GEN,7,16
AVIA_GEN,7,24
AVIA_GEN,7,26
AVIA_GEN,7,34
AVIA_GEN,7,31
AVIA_GEN,7,14
AVIA_GEN,7,26
AVIA_GEN,7,36
AVIA_GEN,7,26
AVIA_GEN,7,23
AVIA_GEN,7,17
AVIA_GEN,7,17
AVIA_GEN,7,9
AVIA_GEN,7,
AVIA_GEN,7,
AVIA_GEN,7,
AVIA_GEN,7,
AVIA_GEN,7,
AVIA_GEN,7,
AVIA_GEN,7,1
AVIA_GEN,7,13
AVIA_GEN,7,13
AVIA_GEN,7,21
AVIA_GEN,7,14
AVIA_GEN,7,14
AVIA_GEN,7,20
AVIA_GEN,7,23
AVIA_GEN,7,20
AVIA_GEN,7,24
AVIA_GEN,7,26
AVIA_GEN,7,24
AVIA_GEN,7,16
AVIA_GEN,7,26
AVIA_GEN,7,22
AVIA_GEN,7,18
AVIA_GEN,7,11
AVIA_GEN,7,18
AVIA_GEN,7,3
AVIA_GEN,7,3
AVIA_GEN,7,1
AVIA_GEN,7,
AVIA_GEN,7,
AVIA_GEN,7,2
AVIA_GEN,7,12
AVIA_GEN,7,18
AVIA_GEN,7,5
AVIA_GEN,7,4
AVIA_GEN,7,3
AVIA_GEN,7,6
AVIA_GEN,7,21
AVIA_GEN,7,14
AVIA_GEN,7,7
AVIA_GEN,7,19
AVIA_GEN,7,16
AVIA_GEN,7,16
AVIA_GEN,7,11
AVIA_GEN,7,13
AVIA_GEN,7,7
AVIA_GEN,7,4
AVIA_GEN,7,6
AVIA_GEN,7,12
AVIA_GEN,7,2
AVIA_GEN,7,
AVIA_GEN,7,
AVIA_GEN,7,
AVIA_GEN,7,
AVIA_GEN,7,
AVIA_GEN,7,
AVIA_GEN,7,
AVIA_GEN,7,
AVIA_GEN,7,
AVIA_GEN,7,
AVIA_GEN,7,
AVIA_GEN,7,
AVIA_GEN,7,
AVIA_GEN,7,
AVIA_GEN,7,
AVIA_GEN,7,
AVIA_GEN,7,
AVIA_GEN,7,
AVIA_GEN,7,
AVIA_GEN,7,
AVIA_GEN,7,
AVIA_GEN,7,
AVIA_GEN,7,
AVIA_GEN,7,
AVIA_GEN,7,2
AVIA_GEN,7,4
AVIA_GEN,7,
AVIA_GEN,7,
AVIA_GEN,7,
AVIA_GEN,7,2
AVIA_GEN,7,17
AVIA_GEN,7,27
AVIA_GEN,7,26
AVIA_GEN,7,10
AVIA_GEN,7,12
AVIA_GEN,7,12
AVIA_GEN,7,17
AVIA_GEN,7,19
AVIA_GEN,7,25
AVIA_GEN,7,14
AVIA_GEN,7,23
AVIA_GEN,7,21
AVIA_GEN,7,21
AVIA_GEN,7,10
AVIA_GEN,7,14
AVIA_GEN,7,26
AVIA_GEN,7,18
AVIA_GEN,7,12
AVIA_GEN,7,2
AVIA_GEN,7,4
AVIA_GEN,7,
AVIA_GEN,7,
AVIA_GEN,7,
AVIA_GEN,7,2
AVIA_GEN,7,17
AVIA_GEN,7,27
AVIA_GEN,7,26
AVIA_GEN,7,10
AVIA_GEN,7,12
AVIA_GEN,7,12
AVIA_GEN,7,17
AVIA_GEN,7,19
AVIA_GEN,7,25
AVIA_GEN,7,14
AVIA_GEN,7,23
AVIA_GEN,7,21
AVIA_GEN,7,21
AVIA_GEN,7,10
AVIA_GEN,7,14
AVIA_GEN,7,26
AVIA_GEN,7,18
AVIA_GEN,7,12
AVIA_GEN,7,11
AVIA_GEN,7,8
AVIA_GEN,7,2
AVIA_GEN,7,3
AVIA_GEN,7,11
AVIA_GEN,7,37
AVIA_GEN,7,48
AVIA_GEN,7,34
AVIA_GEN,7,34
AVIA_GEN,7,32
AVIA_GEN,7,30
AVIA_GEN,7,32
AVIA_GEN,7,44
AVIA_GEN,7,40
AVIA_GEN,7,47
AVIA_GEN,7,41
AVIA_GEN,7,45
AVIA_GEN,7,34
AVIA_GEN,7,30
AVIA_GEN,7,26
AVIA_GEN,7,17
AVIA_GEN,7,19
AVIA_GEN,7,23
AVIA_GEN,7,10
AVIA_GEN,7,7
AVIA_GEN,7,2
AVIA_GEN,7,
AVIA_GEN,7,
AVIA_GEN,7,
AVIA_GEN,7,3
AVIA_GEN,7,26
AVIA_GEN,7,25
AVIA_GEN,7,23
AVIA_GEN,7,21
AVIA_GEN,7,28
AVIA_GEN,7,26
AVIA_GEN,7,32
AVIA_GEN,7,37
AVIA_GEN,7,29
AVIA_GEN,7,22
AVIA_GEN,7,34
AVIA_GEN,7,34
AVIA_GEN,7,29
AVIA_GEN,7,30
AVIA_GEN,7,32
AVIA_GEN,7,19
AVIA_GEN,7,19
AVIA_GEN,7,13
AVIA_GEN,7,
AVIA_GEN,7,
AVIA_GEN,7,
AVIA_GEN,7,
AVIA_GEN,7,
AVIA_GEN,7,39
AVIA_GEN,7,39
AVIA_GEN,7,39
AVIA_GEN,7,44
AVIA_GEN,7,42
AVIA_GEN,7,37
AVIA_GEN,7,41
AVIA_GEN,7,40
AVIA_GEN,7,37
AVIA_GEN,7,40
AVIA_GEN,7,44
AVIA_GEN,7,41
AVIA_GEN,7,43
AVIA_GEN,7,42
AVIA_GEN,7,39
AVIA_GEN,7,41
AVIA_GEN,7,25
AVIA_GEN,7,
AVIA_GEN,7,
AVIA_GEN,7,
AVIA_GEN,7,
AVIA_GEN,7,
AVIA_GEN,7,
AVIA_GEN,7,
AVIA_GEN,7,
AVIA_GEN,7,38
AVIA_GEN,7,38
AVIA_GEN,7,37
AVIA_GEN,7,44
AVIA_GEN,7,42
AVIA_GEN,7,35
AVIA_GEN,7,41
AVIA_GEN,7,41
AVIA_GEN,7,43
AVIA_GEN,7,39
AVIA_GEN,7,38
AVIA_GEN,7,41
AVIA_GEN,7,41
AVIA_GEN,7,43
AVIA_GEN,7,37
AVIA_GEN,7,35
AVIA_GEN,7,16
AVIA_GEN,7,
AVIA_GEN,7,
AVIA_GEN,7,
AVIA_GEN,7,
AVIA_GEN,7,
AVIA_GEN,7,
AVIA_GEN,7,
AVIA_GEN,7,
AVIA_GEN,7,
AVIA_GEN,7,
AVIA_GEN,7,
AVIA_GEN,7,
AVIA_GEN,7,5
AVIA_GEN,7,13
AVIA_GEN,7,14
AVIA_GEN,7,14
AVIA_GEN,7,6
AVIA_GEN,7,13
AVIA_GEN,7,25
AVIA_GEN,7,32
AVIA_GEN,7,13
AVIA_GEN,7,8
AVIA_GEN,7,
AVIA_GEN,7,
AVIA_GEN,7,
AVIA_GEN,7,
AVIA_GEN,7,
AVIA_GEN,7,
AVIA_GEN,7,
AVIA_GEN,7,
AVIA_GEN,7,
AVIA_GEN,7,
AVIA_GEN,7,
AVIA_GEN,7,
AVIA_GEN,7,
AVIA_GEN,7,
AVIA_GEN,7,
AVIA_GEN,7,5
AVIA_GEN,7,16
AVIA_GEN,7,14
AVIA_GEN,7,18
AVIA_GEN,7,10
AVIA_GEN,7,15
AVIA_GEN,7,25
AVIA_GEN,7,29
AVIA_GEN,7,10
AVIA_GEN,7,7
AVIA_GEN,7,
AVIA_GEN,7,
AVIA_GEN,7,4
AVIA_GEN,7,1
AVIA_GEN,7,1
AVIA_GEN,7,
AVIA_GEN,7,3
AVIA_GEN,7,16
AVIA_GEN,7,14
AVIA_GEN,7,18
AVIA_GEN,7,8
AVIA_GEN,7,8
AVIA_GEN,7,9
AVIA_GEN,7,12
AVIA_GEN,7,24
AVIA_GEN,7,27
AVIA_GEN,7,27
AVIA_GEN,7,29
AVIA_GEN,7,24
AVIA_GEN,7,25
AVIA_GEN,7,20
AVIA_GEN,7,15
AVIA_GEN,7,13
AVIA_GEN,7,8
AVIA_GEN,7,8
AVIA_GEN,7,3
AVIA_GEN,7,1
AVIA_GEN,7,5
AVIA_GEN,7,3
AVIA_GEN,7,1
AVIA_GEN,7,
AVIA_GEN,7,3
AVIA_GEN,7,11
AVIA_GEN,7,12
AVIA_GEN,7,12
AVIA_GEN,7,11
AVIA_GEN,7,15
AVIA_GEN,7,12
AVIA_GEN,7,13
AVIA_GEN,7,21
AVIA_GEN,7,20
AVIA_GEN,7,18
AVIA_GEN,7,22
AVIA_GEN,7,16
AVIA_GEN,7,16
AVIA_GEN,7,14
AVIA_GEN,7,16
AVIA_GEN,7,13
AVIA_GEN,7,4
AVIA_GEN,7,2
